Port 5173 is in use, trying another one...

  VITE v7.3.1  ready in 193 ms

  ➜  Local:   http://localhost:5174/
  ➜  Network: use --host to expose
10:10:54 AM [vite] (client) hmr update /src/pages/services/CoolingAirflow.tsx, /src/index.css
10:26:13 AM [vite] (client) hmr update /src/pages/services/CoolingAirflow.tsx, /src/index.css
10:32:01 AM [vite] (client) hmr update /src/pages/services/CoolingAirflow.tsx, /src/index.css
10:35:11 AM [vite] (client) hmr update /src/pages/services/CoolingAirflow.tsx, /src/index.css
10:39:14 AM [vite] (client) hmr update /src/pages/services/CoolingAirflow.tsx, /src/index.css
10:44:44 AM [vite] (client) hmr update /src/pages/services/CoolingAirflow.tsx, /src/index.css
10:47:28 AM [vite] (client) hmr update /src/pages/services/CoolingAirflow.tsx, /src/index.css
10:48:18 AM [vite] (client) hmr update /src/pages/services/CoolingAirflow.tsx, /src/index.css
11:09:40 AM [vite] (client) hmr update /src/pages/services/CoolingAirflow.tsx, /src/index.css
11:10:02 AM [vite] (client) hmr update /src/pages/services/CoolingAirflow.tsx, /src/index.css
11:11:23 AM [vite] (client) hmr update /src/pages/services/CoolingAirflow.tsx, /src/index.css
11:13:00 AM [vite] (client) hmr update /src/pages/services/CoolingAirflow.tsx, /src/index.css
11:13:49 AM [vite] (client) hmr update /src/pages/services/CoolingAirflow.tsx, /src/index.css
11:15:10 AM [vite] (client) hmr update /src/pages/services/CoolingAirflow.tsx, /src/index.css
11:15:41 AM [vite] (client) hmr update /src/pages/services/CoolingAirflow.tsx, /src/index.css
11:18:01 AM [vite] (client) hmr update /src/pages/services/CoolingAirflow.tsx, /src/index.css
11:18:19 AM [vite] (client) hmr update /src/pages/services/CoolingAirflow.tsx, /src/index.css
11:19:15 AM [vite] (client) hmr update /src/pages/services/CoolingAirflow.tsx, /src/index.css
11:19:24 AM [vite] (client) hmr update /src/pages/services/CoolingAirflow.tsx, /src/index.css
11:20:32 AM [vite] (client) hmr update /src/styles/carbon.scss
11:22:28 AM [vite] (client) hmr update /src/pages/services/CoolingAirflow.tsx, /src/index.css
11:23:34 AM [vite] (client) hmr update /src/pages/services/CoolingAirflow.tsx, /src/index.css
11:23:34 AM [vite] Internal server error: /Users/home/Documents/Perception_Website_Kimi/app/src/pages/services/CoolingAirflow.tsx: Unexpected token, expected "}" (2558:46)

  2556 |    ============================================================================== */
  2557 |
> 2558 | const StickyBookingBar = ({ onBook }: { onBook: () => void }) => {
       |                                               ^
  2559 |   const [visible, setVisible] = useState(false);
  2560 |
  2561 |   useEffect(() => {
  Plugin: vite:react-babel
  File: /Users/home/Documents/Perception_Website_Kimi/app/src/pages/services/CoolingAirflow.tsx:2558:46
  2556 |     ============================================================================== */
  2557 |  
  2558 |  const StickyBookingBar = ({ onBook }: { onBook: () => void }) => {
       |                                                ^
  2559 |    const [visible, setVisible] = useState(false);
  2560 |  
      at constructor (/Users/home/Documents/Perception_Website_Kimi/app/node_modules/@babel/parser/lib/index.js:365:19)
      at TypeScriptParserMixin.raise (/Users/home/Documents/Perception_Website_Kimi/app/node_modules/@babel/parser/lib/index.js:6599:19)
      at TypeScriptParserMixin.unexpected (/Users/home/Documents/Perception_Website_Kimi/app/node_modules/@babel/parser/lib/index.js:6619:16)
      at TypeScriptParserMixin.expect (/Users/home/Documents/Perception_Website_Kimi/app/node_modules/@babel/parser/lib/index.js:6899:12)
      at TypeScriptParserMixin.jsxParseExpressionContainer (/Users/home/Documents/Perception_Website_Kimi/app/node_modules/@babel/parser/lib/index.js:4637:10)
      at TypeScriptParserMixin.jsxParseElementAt (/Users/home/Documents/Perception_Website_Kimi/app/node_modules/@babel/parser/lib/index.js:4711:36)
      at TypeScriptParserMixin.jsxParseElement (/Users/home/Documents/Perception_Website_Kimi/app/node_modules/@babel/parser/lib/index.js:4749:17)
      at TypeScriptParserMixin.parseExprAtom (/Users/home/Documents/Perception_Website_Kimi/app/node_modules/@babel/parser/lib/index.js:4759:19)
      at TypeScriptParserMixin.parseExprSubscripts (/Users/home/Documents/Perception_Website_Kimi/app/node_modules/@babel/parser/lib/index.js:11081:23)
      at TypeScriptParserMixin.parseUpdate (/Users/home/Documents/Perception_Website_Kimi/app/node_modules/@babel/parser/lib/index.js:11066:21)
      at TypeScriptParserMixin.parseMaybeUnary (/Users/home/Documents/Perception_Website_Kimi/app/node_modules/@babel/parser/lib/index.js:11046:23)
      at TypeScriptParserMixin.parseMaybeUnary (/Users/home/Documents/Perception_Website_Kimi/app/node_modules/@babel/parser/lib/index.js:9837:18)
      at TypeScriptParserMixin.parseMaybeUnaryOrPrivate (/Users/home/Documents/Perception_Website_Kimi/app/node_modules/@babel/parser/lib/index.js:10899:61)
      at TypeScriptParserMixin.parseExprOps (/Users/home/Documents/Perception_Website_Kimi/app/node_modules/@babel/parser/lib/index.js:10904:23)
      at TypeScriptParserMixin.parseMaybeConditional (/Users/home/Documents/Perception_Website_Kimi/app/node_modules/@babel/parser/lib/index.js:10881:23)
      at TypeScriptParserMixin.parseMaybeAssign (/Users/home/Documents/Perception_Website_Kimi/app/node_modules/@babel/parser/lib/index.js:10831:21)
      at /Users/home/Documents/Perception_Website_Kimi/app/node_modules/@babel/parser/lib/index.js:9775:39
      at TypeScriptParserMixin.tryParse (/Users/home/Documents/Perception_Website_Kimi/app/node_modules/@babel/parser/lib/index.js:6907:20)
      at TypeScriptParserMixin.parseMaybeAssign (/Users/home/Documents/Perception_Website_Kimi/app/node_modules/@babel/parser/lib/index.js:9775:18)
      at /Users/home/Documents/Perception_Website_Kimi/app/node_modules/@babel/parser/lib/index.js:10800:39
      at TypeScriptParserMixin.allowInAnd (/Users/home/Documents/Perception_Website_Kimi/app/node_modules/@babel/parser/lib/index.js:12426:12)
      at TypeScriptParserMixin.parseMaybeAssignAllowIn (/Users/home/Documents/Perception_Website_Kimi/app/node_modules/@babel/parser/lib/index.js:10800:17)
      at TypeScriptParserMixin.parseMaybeAssignAllowInOrVoidPattern (/Users/home/Documents/Perception_Website_Kimi/app/node_modules/@babel/parser/lib/index.js:12493:17)
      at TypeScriptParserMixin.parseParenAndDistinguishExpression (/Users/home/Documents/Perception_Website_Kimi/app/node_modules/@babel/parser/lib/index.js:11675:28)
      at TypeScriptParserMixin.parseExprAtom (/Users/home/Documents/Perception_Website_Kimi/app/node_modules/@babel/parser/lib/index.js:11331:23)
      at TypeScriptParserMixin.parseExprAtom (/Users/home/Documents/Perception_Website_Kimi/app/node_modules/@babel/parser/lib/index.js:4764:20)
      at TypeScriptParserMixin.parseExprSubscripts (/Users/home/Documents/Perception_Website_Kimi/app/node_modules/@babel/parser/lib/index.js:11081:23)
      at TypeScriptParserMixin.parseUpdate (/Users/home/Documents/Perception_Website_Kimi/app/node_modules/@babel/parser/lib/index.js:11066:21)
      at TypeScriptParserMixin.parseMaybeUnary (/Users/home/Documents/Perception_Website_Kimi/app/node_modules/@babel/parser/lib/index.js:11046:23)
      at TypeScriptParserMixin.parseMaybeUnary (/Users/home/Documents/Perception_Website_Kimi/app/node_modules/@babel/parser/lib/index.js:9837:18)
      at TypeScriptParserMixin.parseMaybeUnaryOrPrivate (/Users/home/Documents/Perception_Website_Kimi/app/node_modules/@babel/parser/lib/index.js:10899:61)
      at TypeScriptParserMixin.parseExprOps (/Users/home/Documents/Perception_Website_Kimi/app/node_modules/@babel/parser/lib/index.js:10904:23)
      at TypeScriptParserMixin.parseMaybeConditional (/Users/home/Documents/Perception_Website_Kimi/app/node_modules/@babel/parser/lib/index.js:10881:23)
      at TypeScriptParserMixin.parseMaybeAssign (/Users/home/Documents/Perception_Website_Kimi/app/node_modules/@babel/parser/lib/index.js:10831:21)
      at TypeScriptParserMixin.parseMaybeAssign (/Users/home/Documents/Perception_Website_Kimi/app/node_modules/@babel/parser/lib/index.js:9786:20)
      at TypeScriptParserMixin.parseExpressionBase (/Users/home/Documents/Perception_Website_Kimi/app/node_modules/@babel/parser/lib/index.js:10784:23)
      at /Users/home/Documents/Perception_Website_Kimi/app/node_modules/@babel/parser/lib/index.js:10780:39
      at TypeScriptParserMixin.allowInAnd (/Users/home/Documents/Perception_Website_Kimi/app/node_modules/@babel/parser/lib/index.js:12421:16)
      at TypeScriptParserMixin.parseExpression (/Users/home/Documents/Perception_Website_Kimi/app/node_modules/@babel/parser/lib/index.js:10780:17)
      at TypeScriptParserMixin.parseReturnStatement (/Users/home/Documents/Perception_Website_Kimi/app/node_modules/@babel/parser/lib/index.js:13142:28)
      at TypeScriptParserMixin.parseStatementContent (/Users/home/Documents/Perception_Website_Kimi/app/node_modules/@babel/parser/lib/index.js:12798:21)
      at TypeScriptParserMixin.parseStatementContent (/Users/home/Documents/Perception_Website_Kimi/app/node_modules/@babel/parser/lib/index.js:9508:18)
      at TypeScriptParserMixin.parseStatementLike (/Users/home/Documents/Perception_Website_Kimi/app/node_modules/@babel/parser/lib/index.js:12767:17)
      at TypeScriptParserMixin.parseStatementListItem (/Users/home/Documents/Perception_Website_Kimi/app/node_modules/@babel/parser/lib/index.js:12747:17)
      at TypeScriptParserMixin.parseBlockOrModuleBlockBody (/Users/home/Documents/Perception_Website_Kimi/app/node_modules/@babel/parser/lib/index.js:13316:61)
      at TypeScriptParserMixin.parseBlockBody (/Users/home/Documents/Perception_Website_Kimi/app/node_modules/@babel/parser/lib/index.js:13309:10)
      at TypeScriptParserMixin.parseBlock (/Users/home/Documents/Perception_Website_Kimi/app/node_modules/@babel/parser/lib/index.js:13297:10)
      at TypeScriptParserMixin.parseFunctionBody (/Users/home/Documents/Perception_Website_Kimi/app/node_modules/@babel/parser/lib/index.js:12100:24)
      at TypeScriptParserMixin.parseArrowExpression (/Users/home/Documents/Perception_Website_Kimi/app/node_modules/@babel/parser/lib/index.js:12075:10)
      at TypeScriptParserMixin.parseParenAndDistinguishExpression (/Users/home/Documents/Perception_Website_Kimi/app/node_modules/@babel/parser/lib/index.js:11687:12)
11:23:34 AM [vite] Internal server error: /Users/home/Documents/Perception_Website_Kimi/app/src/pages/services/CoolingAirflow.tsx: Unexpected token, expected "}" (2558:46)

  2556 |    ============================================================================== */
  2557 |
> 2558 | const StickyBookingBar = ({ onBook }: { onBook: () => void }) => {
       |                                               ^
  2559 |   const [visible, setVisible] = useState(false);
  2560 |
  2561 |   useEffect(() => {
  Plugin: vite:react-babel
  File: /Users/home/Documents/Perception_Website_Kimi/app/src/pages/services/CoolingAirflow.tsx:2558:46
  2556 |     ============================================================================== */
  2557 |  
  2558 |  const StickyBookingBar = ({ onBook }: { onBook: () => void }) => {
       |                                                ^
  2559 |    const [visible, setVisible] = useState(false);
  2560 |  
      at constructor (/Users/home/Documents/Perception_Website_Kimi/app/node_modules/@babel/parser/lib/index.js:365:19)
      at TypeScriptParserMixin.raise (/Users/home/Documents/Perception_Website_Kimi/app/node_modules/@babel/parser/lib/index.js:6599:19)
      at TypeScriptParserMixin.unexpected (/Users/home/Documents/Perception_Website_Kimi/app/node_modules/@babel/parser/lib/index.js:6619:16)
      at TypeScriptParserMixin.expect (/Users/home/Documents/Perception_Website_Kimi/app/node_modules/@babel/parser/lib/index.js:6899:12)
      at TypeScriptParserMixin.jsxParseExpressionContainer (/Users/home/Documents/Perception_Website_Kimi/app/node_modules/@babel/parser/lib/index.js:4637:10)
      at TypeScriptParserMixin.jsxParseElementAt (/Users/home/Documents/Perception_Website_Kimi/app/node_modules/@babel/parser/lib/index.js:4711:36)
      at TypeScriptParserMixin.jsxParseElement (/Users/home/Documents/Perception_Website_Kimi/app/node_modules/@babel/parser/lib/index.js:4749:17)
      at TypeScriptParserMixin.parseExprAtom (/Users/home/Documents/Perception_Website_Kimi/app/node_modules/@babel/parser/lib/index.js:4759:19)
      at TypeScriptParserMixin.parseExprSubscripts (/Users/home/Documents/Perception_Website_Kimi/app/node_modules/@babel/parser/lib/index.js:11081:23)
      at TypeScriptParserMixin.parseUpdate (/Users/home/Documents/Perception_Website_Kimi/app/node_modules/@babel/parser/lib/index.js:11066:21)
      at TypeScriptParserMixin.parseMaybeUnary (/Users/home/Documents/Perception_Website_Kimi/app/node_modules/@babel/parser/lib/index.js:11046:23)
      at TypeScriptParserMixin.parseMaybeUnary (/Users/home/Documents/Perception_Website_Kimi/app/node_modules/@babel/parser/lib/index.js:9837:18)
      at TypeScriptParserMixin.parseMaybeUnaryOrPrivate (/Users/home/Documents/Perception_Website_Kimi/app/node_modules/@babel/parser/lib/index.js:10899:61)
      at TypeScriptParserMixin.parseExprOps (/Users/home/Documents/Perception_Website_Kimi/app/node_modules/@babel/parser/lib/index.js:10904:23)
      at TypeScriptParserMixin.parseMaybeConditional (/Users/home/Documents/Perception_Website_Kimi/app/node_modules/@babel/parser/lib/index.js:10881:23)
      at TypeScriptParserMixin.parseMaybeAssign (/Users/home/Documents/Perception_Website_Kimi/app/node_modules/@babel/parser/lib/index.js:10831:21)
      at /Users/home/Documents/Perception_Website_Kimi/app/node_modules/@babel/parser/lib/index.js:9775:39
      at TypeScriptParserMixin.tryParse (/Users/home/Documents/Perception_Website_Kimi/app/node_modules/@babel/parser/lib/index.js:6907:20)
      at TypeScriptParserMixin.parseMaybeAssign (/Users/home/Documents/Perception_Website_Kimi/app/node_modules/@babel/parser/lib/index.js:9775:18)
      at /Users/home/Documents/Perception_Website_Kimi/app/node_modules/@babel/parser/lib/index.js:10800:39
      at TypeScriptParserMixin.allowInAnd (/Users/home/Documents/Perception_Website_Kimi/app/node_modules/@babel/parser/lib/index.js:12426:12)
      at TypeScriptParserMixin.parseMaybeAssignAllowIn (/Users/home/Documents/Perception_Website_Kimi/app/node_modules/@babel/parser/lib/index.js:10800:17)
      at TypeScriptParserMixin.parseMaybeAssignAllowInOrVoidPattern (/Users/home/Documents/Perception_Website_Kimi/app/node_modules/@babel/parser/lib/index.js:12493:17)
      at TypeScriptParserMixin.parseParenAndDistinguishExpression (/Users/home/Documents/Perception_Website_Kimi/app/node_modules/@babel/parser/lib/index.js:11675:28)
      at TypeScriptParserMixin.parseExprAtom (/Users/home/Documents/Perception_Website_Kimi/app/node_modules/@babel/parser/lib/index.js:11331:23)
      at TypeScriptParserMixin.parseExprAtom (/Users/home/Documents/Perception_Website_Kimi/app/node_modules/@babel/parser/lib/index.js:4764:20)
      at TypeScriptParserMixin.parseExprSubscripts (/Users/home/Documents/Perception_Website_Kimi/app/node_modules/@babel/parser/lib/index.js:11081:23)
      at TypeScriptParserMixin.parseUpdate (/Users/home/Documents/Perception_Website_Kimi/app/node_modules/@babel/parser/lib/index.js:11066:21)
      at TypeScriptParserMixin.parseMaybeUnary (/Users/home/Documents/Perception_Website_Kimi/app/node_modules/@babel/parser/lib/index.js:11046:23)
      at TypeScriptParserMixin.parseMaybeUnary (/Users/home/Documents/Perception_Website_Kimi/app/node_modules/@babel/parser/lib/index.js:9837:18)
      at TypeScriptParserMixin.parseMaybeUnaryOrPrivate (/Users/home/Documents/Perception_Website_Kimi/app/node_modules/@babel/parser/lib/index.js:10899:61)
      at TypeScriptParserMixin.parseExprOps (/Users/home/Documents/Perception_Website_Kimi/app/node_modules/@babel/parser/lib/index.js:10904:23)
      at TypeScriptParserMixin.parseMaybeConditional (/Users/home/Documents/Perception_Website_Kimi/app/node_modules/@babel/parser/lib/index.js:10881:23)
      at TypeScriptParserMixin.parseMaybeAssign (/Users/home/Documents/Perception_Website_Kimi/app/node_modules/@babel/parser/lib/index.js:10831:21)
      at TypeScriptParserMixin.parseMaybeAssign (/Users/home/Documents/Perception_Website_Kimi/app/node_modules/@babel/parser/lib/index.js:9786:20)
      at TypeScriptParserMixin.parseExpressionBase (/Users/home/Documents/Perception_Website_Kimi/app/node_modules/@babel/parser/lib/index.js:10784:23)
      at /Users/home/Documents/Perception_Website_Kimi/app/node_modules/@babel/parser/lib/index.js:10780:39
      at TypeScriptParserMixin.allowInAnd (/Users/home/Documents/Perception_Website_Kimi/app/node_modules/@babel/parser/lib/index.js:12421:16)
      at TypeScriptParserMixin.parseExpression (/Users/home/Documents/Perception_Website_Kimi/app/node_modules/@babel/parser/lib/index.js:10780:17)
      at TypeScriptParserMixin.parseReturnStatement (/Users/home/Documents/Perception_Website_Kimi/app/node_modules/@babel/parser/lib/index.js:13142:28)
      at TypeScriptParserMixin.parseStatementContent (/Users/home/Documents/Perception_Website_Kimi/app/node_modules/@babel/parser/lib/index.js:12798:21)
      at TypeScriptParserMixin.parseStatementContent (/Users/home/Documents/Perception_Website_Kimi/app/node_modules/@babel/parser/lib/index.js:9508:18)
      at TypeScriptParserMixin.parseStatementLike (/Users/home/Documents/Perception_Website_Kimi/app/node_modules/@babel/parser/lib/index.js:12767:17)
      at TypeScriptParserMixin.parseStatementListItem (/Users/home/Documents/Perception_Website_Kimi/app/node_modules/@babel/parser/lib/index.js:12747:17)
      at TypeScriptParserMixin.parseBlockOrModuleBlockBody (/Users/home/Documents/Perception_Website_Kimi/app/node_modules/@babel/parser/lib/index.js:13316:61)
      at TypeScriptParserMixin.parseBlockBody (/Users/home/Documents/Perception_Website_Kimi/app/node_modules/@babel/parser/lib/index.js:13309:10)
      at TypeScriptParserMixin.parseBlock (/Users/home/Documents/Perception_Website_Kimi/app/node_modules/@babel/parser/lib/index.js:13297:10)
      at TypeScriptParserMixin.parseFunctionBody (/Users/home/Documents/Perception_Website_Kimi/app/node_modules/@babel/parser/lib/index.js:12100:24)
      at TypeScriptParserMixin.parseArrowExpression (/Users/home/Documents/Perception_Website_Kimi/app/node_modules/@babel/parser/lib/index.js:12075:10)
      at TypeScriptParserMixin.parseParenAndDistinguishExpression (/Users/home/Documents/Perception_Website_Kimi/app/node_modules/@babel/parser/lib/index.js:11687:12)
11:23:49 AM [vite] (client) hmr update /src/pages/services/CoolingAirflow.tsx, /src/index.css
11:24:52 AM [vite] (client) hmr update /src/pages/services/CoolingAirflow.tsx, /src/index.css
11:24:52 AM [vite] Internal server error: /Users/home/Documents/Perception_Website_Kimi/app/src/pages/services/CoolingAirflow.tsx: Unterminated JSX contents. (3324:10)

  3322 |       <StickyBookingBar onBook={() => setBookingModalOpen(true)} />
  3323 |       <Footer />
> 3324 |     </div>
       |           ^
  3325 |   );
  3326 | };
  3327 |
  Plugin: vite:react-babel
  File: /Users/home/Documents/Perception_Website_Kimi/app/src/pages/services/CoolingAirflow.tsx:3324:10
  3322 |        <StickyBookingBar onBook={() => setBookingModalOpen(true)} />
  3323 |        <Footer />
  3324 |      </div>
       |            ^
  3325 |    );
  3326 |  };
      at constructor (/Users/home/Documents/Perception_Website_Kimi/app/node_modules/@babel/parser/lib/index.js:365:19)
      at TypeScriptParserMixin.raise (/Users/home/Documents/Perception_Website_Kimi/app/node_modules/@babel/parser/lib/index.js:6599:19)
      at TypeScriptParserMixin.jsxReadToken (/Users/home/Documents/Perception_Website_Kimi/app/node_modules/@babel/parser/lib/index.js:4448:20)
      at TypeScriptParserMixin.getTokenFromCode (/Users/home/Documents/Perception_Website_Kimi/app/node_modules/@babel/parser/lib/index.js:4774:12)
      at TypeScriptParserMixin.getTokenFromCode (/Users/home/Documents/Perception_Website_Kimi/app/node_modules/@babel/parser/lib/index.js:9987:11)
      at TypeScriptParserMixin.nextToken (/Users/home/Documents/Perception_Website_Kimi/app/node_modules/@babel/parser/lib/index.js:5782:10)
      at TypeScriptParserMixin.next (/Users/home/Documents/Perception_Website_Kimi/app/node_modules/@babel/parser/lib/index.js:5692:10)
      at TypeScriptParserMixin.eat (/Users/home/Documents/Perception_Website_Kimi/app/node_modules/@babel/parser/lib/index.js:5696:12)
      at TypeScriptParserMixin.expect (/Users/home/Documents/Perception_Website_Kimi/app/node_modules/@babel/parser/lib/index.js:6898:15)
      at TypeScriptParserMixin.jsxParseClosingElementAt (/Users/home/Documents/Perception_Website_Kimi/app/node_modules/@babel/parser/lib/index.js:4680:10)
      at TypeScriptParserMixin.jsxParseElementAt (/Users/home/Documents/Perception_Website_Kimi/app/node_modules/@babel/parser/lib/index.js:4695:37)
      at TypeScriptParserMixin.jsxParseElementAt (/Users/home/Documents/Perception_Website_Kimi/app/node_modules/@babel/parser/lib/index.js:4698:32)
      at TypeScriptParserMixin.jsxParseElement (/Users/home/Documents/Perception_Website_Kimi/app/node_modules/@babel/parser/lib/index.js:4749:17)
      at TypeScriptParserMixin.parseExprAtom (/Users/home/Documents/Perception_Website_Kimi/app/node_modules/@babel/parser/lib/index.js:4759:19)
      at TypeScriptParserMixin.parseExprSubscripts (/Users/home/Documents/Perception_Website_Kimi/app/node_modules/@babel/parser/lib/index.js:11081:23)
      at TypeScriptParserMixin.parseUpdate (/Users/home/Documents/Perception_Website_Kimi/app/node_modules/@babel/parser/lib/index.js:11066:21)
      at TypeScriptParserMixin.parseMaybeUnary (/Users/home/Documents/Perception_Website_Kimi/app/node_modules/@babel/parser/lib/index.js:11046:23)
      at TypeScriptParserMixin.parseMaybeUnary (/Users/home/Documents/Perception_Website_Kimi/app/node_modules/@babel/parser/lib/index.js:9837:18)
      at TypeScriptParserMixin.parseMaybeUnaryOrPrivate (/Users/home/Documents/Perception_Website_Kimi/app/node_modules/@babel/parser/lib/index.js:10899:61)
      at TypeScriptParserMixin.parseExprOps (/Users/home/Documents/Perception_Website_Kimi/app/node_modules/@babel/parser/lib/index.js:10904:23)
      at TypeScriptParserMixin.parseMaybeConditional (/Users/home/Documents/Perception_Website_Kimi/app/node_modules/@babel/parser/lib/index.js:10881:23)
      at TypeScriptParserMixin.parseMaybeAssign (/Users/home/Documents/Perception_Website_Kimi/app/node_modules/@babel/parser/lib/index.js:10831:21)
      at /Users/home/Documents/Perception_Website_Kimi/app/node_modules/@babel/parser/lib/index.js:9775:39
      at TypeScriptParserMixin.tryParse (/Users/home/Documents/Perception_Website_Kimi/app/node_modules/@babel/parser/lib/index.js:6907:20)
      at TypeScriptParserMixin.parseMaybeAssign (/Users/home/Documents/Perception_Website_Kimi/app/node_modules/@babel/parser/lib/index.js:9775:18)
      at /Users/home/Documents/Perception_Website_Kimi/app/node_modules/@babel/parser/lib/index.js:10800:39
      at TypeScriptParserMixin.allowInAnd (/Users/home/Documents/Perception_Website_Kimi/app/node_modules/@babel/parser/lib/index.js:12426:12)
      at TypeScriptParserMixin.parseMaybeAssignAllowIn (/Users/home/Documents/Perception_Website_Kimi/app/node_modules/@babel/parser/lib/index.js:10800:17)
      at TypeScriptParserMixin.parseMaybeAssignAllowInOrVoidPattern (/Users/home/Documents/Perception_Website_Kimi/app/node_modules/@babel/parser/lib/index.js:12493:17)
      at TypeScriptParserMixin.parseParenAndDistinguishExpression (/Users/home/Documents/Perception_Website_Kimi/app/node_modules/@babel/parser/lib/index.js:11675:28)
      at TypeScriptParserMixin.parseExprAtom (/Users/home/Documents/Perception_Website_Kimi/app/node_modules/@babel/parser/lib/index.js:11331:23)
      at TypeScriptParserMixin.parseExprAtom (/Users/home/Documents/Perception_Website_Kimi/app/node_modules/@babel/parser/lib/index.js:4764:20)
      at TypeScriptParserMixin.parseExprSubscripts (/Users/home/Documents/Perception_Website_Kimi/app/node_modules/@babel/parser/lib/index.js:11081:23)
      at TypeScriptParserMixin.parseUpdate (/Users/home/Documents/Perception_Website_Kimi/app/node_modules/@babel/parser/lib/index.js:11066:21)
      at TypeScriptParserMixin.parseMaybeUnary (/Users/home/Documents/Perception_Website_Kimi/app/node_modules/@babel/parser/lib/index.js:11046:23)
      at TypeScriptParserMixin.parseMaybeUnary (/Users/home/Documents/Perception_Website_Kimi/app/node_modules/@babel/parser/lib/index.js:9837:18)
      at TypeScriptParserMixin.parseMaybeUnaryOrPrivate (/Users/home/Documents/Perception_Website_Kimi/app/node_modules/@babel/parser/lib/index.js:10899:61)
      at TypeScriptParserMixin.parseExprOps (/Users/home/Documents/Perception_Website_Kimi/app/node_modules/@babel/parser/lib/index.js:10904:23)
      at TypeScriptParserMixin.parseMaybeConditional (/Users/home/Documents/Perception_Website_Kimi/app/node_modules/@babel/parser/lib/index.js:10881:23)
      at TypeScriptParserMixin.parseMaybeAssign (/Users/home/Documents/Perception_Website_Kimi/app/node_modules/@babel/parser/lib/index.js:10831:21)
      at TypeScriptParserMixin.parseMaybeAssign (/Users/home/Documents/Perception_Website_Kimi/app/node_modules/@babel/parser/lib/index.js:9786:20)
      at TypeScriptParserMixin.parseExpressionBase (/Users/home/Documents/Perception_Website_Kimi/app/node_modules/@babel/parser/lib/index.js:10784:23)
      at /Users/home/Documents/Perception_Website_Kimi/app/node_modules/@babel/parser/lib/index.js:10780:39
      at TypeScriptParserMixin.allowInAnd (/Users/home/Documents/Perception_Website_Kimi/app/node_modules/@babel/parser/lib/index.js:12421:16)
      at TypeScriptParserMixin.parseExpression (/Users/home/Documents/Perception_Website_Kimi/app/node_modules/@babel/parser/lib/index.js:10780:17)
      at TypeScriptParserMixin.parseReturnStatement (/Users/home/Documents/Perception_Website_Kimi/app/node_modules/@babel/parser/lib/index.js:13142:28)
      at TypeScriptParserMixin.parseStatementContent (/Users/home/Documents/Perception_Website_Kimi/app/node_modules/@babel/parser/lib/index.js:12798:21)
      at TypeScriptParserMixin.parseStatementContent (/Users/home/Documents/Perception_Website_Kimi/app/node_modules/@babel/parser/lib/index.js:9508:18)
      at TypeScriptParserMixin.parseStatementLike (/Users/home/Documents/Perception_Website_Kimi/app/node_modules/@babel/parser/lib/index.js:12767:17)
      at TypeScriptParserMixin.parseStatementListItem (/Users/home/Documents/Perception_Website_Kimi/app/node_modules/@babel/parser/lib/index.js:12747:17)
11:24:52 AM [vite] Internal server error: /Users/home/Documents/Perception_Website_Kimi/app/src/pages/services/CoolingAirflow.tsx: Unterminated JSX contents. (3324:10)

  3322 |       <StickyBookingBar onBook={() => setBookingModalOpen(true)} />
  3323 |       <Footer />
> 3324 |     </div>
       |           ^
  3325 |   );
  3326 | };
  3327 |
  Plugin: vite:react-babel
  File: /Users/home/Documents/Perception_Website_Kimi/app/src/pages/services/CoolingAirflow.tsx:3324:10
  3322 |        <StickyBookingBar onBook={() => setBookingModalOpen(true)} />
  3323 |        <Footer />
  3324 |      </div>
       |            ^
  3325 |    );
  3326 |  };
      at constructor (/Users/home/Documents/Perception_Website_Kimi/app/node_modules/@babel/parser/lib/index.js:365:19)
      at TypeScriptParserMixin.raise (/Users/home/Documents/Perception_Website_Kimi/app/node_modules/@babel/parser/lib/index.js:6599:19)
      at TypeScriptParserMixin.jsxReadToken (/Users/home/Documents/Perception_Website_Kimi/app/node_modules/@babel/parser/lib/index.js:4448:20)
      at TypeScriptParserMixin.getTokenFromCode (/Users/home/Documents/Perception_Website_Kimi/app/node_modules/@babel/parser/lib/index.js:4774:12)
      at TypeScriptParserMixin.getTokenFromCode (/Users/home/Documents/Perception_Website_Kimi/app/node_modules/@babel/parser/lib/index.js:9987:11)
      at TypeScriptParserMixin.nextToken (/Users/home/Documents/Perception_Website_Kimi/app/node_modules/@babel/parser/lib/index.js:5782:10)
      at TypeScriptParserMixin.next (/Users/home/Documents/Perception_Website_Kimi/app/node_modules/@babel/parser/lib/index.js:5692:10)
      at TypeScriptParserMixin.eat (/Users/home/Documents/Perception_Website_Kimi/app/node_modules/@babel/parser/lib/index.js:5696:12)
      at TypeScriptParserMixin.expect (/Users/home/Documents/Perception_Website_Kimi/app/node_modules/@babel/parser/lib/index.js:6898:15)
      at TypeScriptParserMixin.jsxParseClosingElementAt (/Users/home/Documents/Perception_Website_Kimi/app/node_modules/@babel/parser/lib/index.js:4680:10)
      at TypeScriptParserMixin.jsxParseElementAt (/Users/home/Documents/Perception_Website_Kimi/app/node_modules/@babel/parser/lib/index.js:4695:37)
      at TypeScriptParserMixin.jsxParseElementAt (/Users/home/Documents/Perception_Website_Kimi/app/node_modules/@babel/parser/lib/index.js:4698:32)
      at TypeScriptParserMixin.jsxParseElement (/Users/home/Documents/Perception_Website_Kimi/app/node_modules/@babel/parser/lib/index.js:4749:17)
      at TypeScriptParserMixin.parseExprAtom (/Users/home/Documents/Perception_Website_Kimi/app/node_modules/@babel/parser/lib/index.js:4759:19)
      at TypeScriptParserMixin.parseExprSubscripts (/Users/home/Documents/Perception_Website_Kimi/app/node_modules/@babel/parser/lib/index.js:11081:23)
      at TypeScriptParserMixin.parseUpdate (/Users/home/Documents/Perception_Website_Kimi/app/node_modules/@babel/parser/lib/index.js:11066:21)
      at TypeScriptParserMixin.parseMaybeUnary (/Users/home/Documents/Perception_Website_Kimi/app/node_modules/@babel/parser/lib/index.js:11046:23)
      at TypeScriptParserMixin.parseMaybeUnary (/Users/home/Documents/Perception_Website_Kimi/app/node_modules/@babel/parser/lib/index.js:9837:18)
      at TypeScriptParserMixin.parseMaybeUnaryOrPrivate (/Users/home/Documents/Perception_Website_Kimi/app/node_modules/@babel/parser/lib/index.js:10899:61)
      at TypeScriptParserMixin.parseExprOps (/Users/home/Documents/Perception_Website_Kimi/app/node_modules/@babel/parser/lib/index.js:10904:23)
      at TypeScriptParserMixin.parseMaybeConditional (/Users/home/Documents/Perception_Website_Kimi/app/node_modules/@babel/parser/lib/index.js:10881:23)
      at TypeScriptParserMixin.parseMaybeAssign (/Users/home/Documents/Perception_Website_Kimi/app/node_modules/@babel/parser/lib/index.js:10831:21)
      at /Users/home/Documents/Perception_Website_Kimi/app/node_modules/@babel/parser/lib/index.js:9775:39
      at TypeScriptParserMixin.tryParse (/Users/home/Documents/Perception_Website_Kimi/app/node_modules/@babel/parser/lib/index.js:6907:20)
      at TypeScriptParserMixin.parseMaybeAssign (/Users/home/Documents/Perception_Website_Kimi/app/node_modules/@babel/parser/lib/index.js:9775:18)
      at /Users/home/Documents/Perception_Website_Kimi/app/node_modules/@babel/parser/lib/index.js:10800:39
      at TypeScriptParserMixin.allowInAnd (/Users/home/Documents/Perception_Website_Kimi/app/node_modules/@babel/parser/lib/index.js:12426:12)
      at TypeScriptParserMixin.parseMaybeAssignAllowIn (/Users/home/Documents/Perception_Website_Kimi/app/node_modules/@babel/parser/lib/index.js:10800:17)
      at TypeScriptParserMixin.parseMaybeAssignAllowInOrVoidPattern (/Users/home/Documents/Perception_Website_Kimi/app/node_modules/@babel/parser/lib/index.js:12493:17)
      at TypeScriptParserMixin.parseParenAndDistinguishExpression (/Users/home/Documents/Perception_Website_Kimi/app/node_modules/@babel/parser/lib/index.js:11675:28)
      at TypeScriptParserMixin.parseExprAtom (/Users/home/Documents/Perception_Website_Kimi/app/node_modules/@babel/parser/lib/index.js:11331:23)
      at TypeScriptParserMixin.parseExprAtom (/Users/home/Documents/Perception_Website_Kimi/app/node_modules/@babel/parser/lib/index.js:4764:20)
      at TypeScriptParserMixin.parseExprSubscripts (/Users/home/Documents/Perception_Website_Kimi/app/node_modules/@babel/parser/lib/index.js:11081:23)
      at TypeScriptParserMixin.parseUpdate (/Users/home/Documents/Perception_Website_Kimi/app/node_modules/@babel/parser/lib/index.js:11066:21)
      at TypeScriptParserMixin.parseMaybeUnary (/Users/home/Documents/Perception_Website_Kimi/app/node_modules/@babel/parser/lib/index.js:11046:23)
      at TypeScriptParserMixin.parseMaybeUnary (/Users/home/Documents/Perception_Website_Kimi/app/node_modules/@babel/parser/lib/index.js:9837:18)
      at TypeScriptParserMixin.parseMaybeUnaryOrPrivate (/Users/home/Documents/Perception_Website_Kimi/app/node_modules/@babel/parser/lib/index.js:10899:61)
      at TypeScriptParserMixin.parseExprOps (/Users/home/Documents/Perception_Website_Kimi/app/node_modules/@babel/parser/lib/index.js:10904:23)
      at TypeScriptParserMixin.parseMaybeConditional (/Users/home/Documents/Perception_Website_Kimi/app/node_modules/@babel/parser/lib/index.js:10881:23)
      at TypeScriptParserMixin.parseMaybeAssign (/Users/home/Documents/Perception_Website_Kimi/app/node_modules/@babel/parser/lib/index.js:10831:21)
      at TypeScriptParserMixin.parseMaybeAssign (/Users/home/Documents/Perception_Website_Kimi/app/node_modules/@babel/parser/lib/index.js:9786:20)
      at TypeScriptParserMixin.parseExpressionBase (/Users/home/Documents/Perception_Website_Kimi/app/node_modules/@babel/parser/lib/index.js:10784:23)
      at /Users/home/Documents/Perception_Website_Kimi/app/node_modules/@babel/parser/lib/index.js:10780:39
      at TypeScriptParserMixin.allowInAnd (/Users/home/Documents/Perception_Website_Kimi/app/node_modules/@babel/parser/lib/index.js:12421:16)
      at TypeScriptParserMixin.parseExpression (/Users/home/Documents/Perception_Website_Kimi/app/node_modules/@babel/parser/lib/index.js:10780:17)
      at TypeScriptParserMixin.parseReturnStatement (/Users/home/Documents/Perception_Website_Kimi/app/node_modules/@babel/parser/lib/index.js:13142:28)
      at TypeScriptParserMixin.parseStatementContent (/Users/home/Documents/Perception_Website_Kimi/app/node_modules/@babel/parser/lib/index.js:12798:21)
      at TypeScriptParserMixin.parseStatementContent (/Users/home/Documents/Perception_Website_Kimi/app/node_modules/@babel/parser/lib/index.js:9508:18)
      at TypeScriptParserMixin.parseStatementLike (/Users/home/Documents/Perception_Website_Kimi/app/node_modules/@babel/parser/lib/index.js:12767:17)
      at TypeScriptParserMixin.parseStatementListItem (/Users/home/Documents/Perception_Website_Kimi/app/node_modules/@babel/parser/lib/index.js:12747:17)
11:25:03 AM [vite] (client) hmr update /src/pages/services/CoolingAirflow.tsx, /src/index.css
11:25:54 AM [vite] (client) hmr update /src/pages/services/CoolingAirflow.tsx, /src/index.css
11:26:36 AM [vite] (client) hmr update /src/pages/services/CoolingAirflow.tsx, /src/index.css
11:27:34 AM [vite] (client) hmr update /src/pages/services/CoolingAirflow.tsx, /src/index.css
11:33:49 AM [vite] (client) hmr update /src/styles/carbon.scss
11:35:11 AM [vite] (client) hmr update /src/pages/services/CoolingAirflow.tsx, /src/index.css
11:35:23 AM [vite] (client) hmr update /src/pages/services/CoolingAirflow.tsx, /src/index.css
11:35:40 AM [vite] (client) hmr update /src/pages/services/CoolingAirflow.tsx, /src/index.css
11:51:59 AM [vite] (client) hmr update /src/pages/services/CoolingAirflow.tsx, /src/index.css
11:54:23 AM [vite] (client) hmr update /src/pages/services/CoolingAirflow.tsx, /src/index.css
11:58:14 AM [vite] (client) hmr update /src/pages/services/CoolingAirflow.tsx, /src/index.css
12:01:38 PM [vite] (client) hmr update /src/pages/services/CoolingAirflow.tsx, /src/index.css
12:10:49 PM [vite] (client) hmr update /src/pages/services/CoolingAirflow.tsx, /src/index.css
12:11:29 PM [vite] (client) hmr update /src/pages/services/CoolingAirflow.tsx, /src/index.css
12:11:54 PM [vite] (client) hmr update /src/pages/services/CoolingAirflow.tsx, /src/index.css
12:12:18 PM [vite] (client) hmr update /src/pages/services/CoolingAirflow.tsx, /src/index.css
12:13:21 PM [vite] (client) hmr update /src/pages/services/CoolingAirflow.tsx, /src/index.css
12:22:12 PM [vite] (client) hmr update /src/pages/services/CoolingAirflow.tsx, /src/index.css
12:23:02 PM [vite] (client) hmr update /src/pages/services/CoolingAirflow.tsx, /src/index.css
12:23:03 PM [vite] Internal server error: /Users/home/Documents/Perception_Website_Kimi/app/src/pages/services/CoolingAirflow.tsx: Unexpected token (2270:8)

  2268 |       {/* Tier summaries + Image */}
  2269 |       <Grid style={{ marginBottom: 'var(--cds-spacing-06)' }}
> 2270 |         <Column lg={8} md={4} sm={4}>
       |         ^
  2271 |           {/* Tier summaries */}
  2272 |           <div style={{ borderTop: '1px solid var(--cds-border-subtle)' }}>
  2273 |             <p className="cds--label-01" style={{ color: 'var(--cds-text-helper)', textTransform: 'uppercase', paddingTop: 'var(--cds-spacing-05)', marginBottom: 'var(--cds-spacing-03)' }}>
  Plugin: vite:react-babel
  File: /Users/home/Documents/Perception_Website_Kimi/app/src/pages/services/CoolingAirflow.tsx:2270:8
  2268 |        {/* Tier summaries + Image */}
  2269 |        <Grid style={{ marginBottom: 'var(--cds-spacing-06)' }}
  2270 |          <Column lg={8} md={4} sm={4}>
       |          ^
  2271 |            {/* Tier summaries */}
  2272 |            <div style={{ borderTop: '1px solid var(--cds-border-subtle)' }}>
      at constructor (/Users/home/Documents/Perception_Website_Kimi/app/node_modules/@babel/parser/lib/index.js:365:19)
      at TypeScriptParserMixin.raise (/Users/home/Documents/Perception_Website_Kimi/app/node_modules/@babel/parser/lib/index.js:6599:19)
      at TypeScriptParserMixin.unexpected (/Users/home/Documents/Perception_Website_Kimi/app/node_modules/@babel/parser/lib/index.js:6619:16)
      at TypeScriptParserMixin.jsxParseIdentifier (/Users/home/Documents/Perception_Website_Kimi/app/node_modules/@babel/parser/lib/index.js:4569:12)
      at TypeScriptParserMixin.jsxParseNamespacedName (/Users/home/Documents/Perception_Website_Kimi/app/node_modules/@babel/parser/lib/index.js:4576:23)
      at TypeScriptParserMixin.jsxParseAttribute (/Users/home/Documents/Perception_Website_Kimi/app/node_modules/@babel/parser/lib/index.js:4652:22)
      at TypeScriptParserMixin.jsxParseOpeningElementAfterName (/Users/home/Documents/Perception_Website_Kimi/app/node_modules/@babel/parser/lib/index.js:4667:28)
      at TypeScriptParserMixin.jsxParseOpeningElementAfterName (/Users/home/Documents/Perception_Website_Kimi/app/node_modules/@babel/parser/lib/index.js:10043:18)
      at TypeScriptParserMixin.jsxParseOpeningElementAt (/Users/home/Documents/Perception_Website_Kimi/app/node_modules/@babel/parser/lib/index.js:4662:17)
      at TypeScriptParserMixin.jsxParseElementAt (/Users/home/Documents/Perception_Website_Kimi/app/node_modules/@babel/parser/lib/index.js:4686:33)
      at TypeScriptParserMixin.jsxParseElementAt (/Users/home/Documents/Perception_Website_Kimi/app/node_modules/@babel/parser/lib/index.js:4698:32)
      at TypeScriptParserMixin.jsxParseElement (/Users/home/Documents/Perception_Website_Kimi/app/node_modules/@babel/parser/lib/index.js:4749:17)
      at TypeScriptParserMixin.parseExprAtom (/Users/home/Documents/Perception_Website_Kimi/app/node_modules/@babel/parser/lib/index.js:4759:19)
      at TypeScriptParserMixin.parseExprSubscripts (/Users/home/Documents/Perception_Website_Kimi/app/node_modules/@babel/parser/lib/index.js:11081:23)
      at TypeScriptParserMixin.parseUpdate (/Users/home/Documents/Perception_Website_Kimi/app/node_modules/@babel/parser/lib/index.js:11066:21)
      at TypeScriptParserMixin.parseMaybeUnary (/Users/home/Documents/Perception_Website_Kimi/app/node_modules/@babel/parser/lib/index.js:11046:23)
      at TypeScriptParserMixin.parseMaybeUnary (/Users/home/Documents/Perception_Website_Kimi/app/node_modules/@babel/parser/lib/index.js:9837:18)
      at TypeScriptParserMixin.parseMaybeUnaryOrPrivate (/Users/home/Documents/Perception_Website_Kimi/app/node_modules/@babel/parser/lib/index.js:10899:61)
      at TypeScriptParserMixin.parseExprOps (/Users/home/Documents/Perception_Website_Kimi/app/node_modules/@babel/parser/lib/index.js:10904:23)
      at TypeScriptParserMixin.parseMaybeConditional (/Users/home/Documents/Perception_Website_Kimi/app/node_modules/@babel/parser/lib/index.js:10881:23)
      at TypeScriptParserMixin.parseMaybeAssign (/Users/home/Documents/Perception_Website_Kimi/app/node_modules/@babel/parser/lib/index.js:10831:21)
      at /Users/home/Documents/Perception_Website_Kimi/app/node_modules/@babel/parser/lib/index.js:9775:39
      at TypeScriptParserMixin.tryParse (/Users/home/Documents/Perception_Website_Kimi/app/node_modules/@babel/parser/lib/index.js:6907:20)
      at TypeScriptParserMixin.parseMaybeAssign (/Users/home/Documents/Perception_Website_Kimi/app/node_modules/@babel/parser/lib/index.js:9775:18)
      at /Users/home/Documents/Perception_Website_Kimi/app/node_modules/@babel/parser/lib/index.js:10800:39
      at TypeScriptParserMixin.allowInAnd (/Users/home/Documents/Perception_Website_Kimi/app/node_modules/@babel/parser/lib/index.js:12426:12)
      at TypeScriptParserMixin.parseMaybeAssignAllowIn (/Users/home/Documents/Perception_Website_Kimi/app/node_modules/@babel/parser/lib/index.js:10800:17)
      at TypeScriptParserMixin.parseMaybeAssignAllowInOrVoidPattern (/Users/home/Documents/Perception_Website_Kimi/app/node_modules/@babel/parser/lib/index.js:12493:17)
      at TypeScriptParserMixin.parseParenAndDistinguishExpression (/Users/home/Documents/Perception_Website_Kimi/app/node_modules/@babel/parser/lib/index.js:11675:28)
      at TypeScriptParserMixin.parseExprAtom (/Users/home/Documents/Perception_Website_Kimi/app/node_modules/@babel/parser/lib/index.js:11331:23)
      at TypeScriptParserMixin.parseExprAtom (/Users/home/Documents/Perception_Website_Kimi/app/node_modules/@babel/parser/lib/index.js:4764:20)
      at TypeScriptParserMixin.parseExprSubscripts (/Users/home/Documents/Perception_Website_Kimi/app/node_modules/@babel/parser/lib/index.js:11081:23)
      at TypeScriptParserMixin.parseUpdate (/Users/home/Documents/Perception_Website_Kimi/app/node_modules/@babel/parser/lib/index.js:11066:21)
      at TypeScriptParserMixin.parseMaybeUnary (/Users/home/Documents/Perception_Website_Kimi/app/node_modules/@babel/parser/lib/index.js:11046:23)
      at TypeScriptParserMixin.parseMaybeUnary (/Users/home/Documents/Perception_Website_Kimi/app/node_modules/@babel/parser/lib/index.js:9837:18)
      at TypeScriptParserMixin.parseMaybeUnaryOrPrivate (/Users/home/Documents/Perception_Website_Kimi/app/node_modules/@babel/parser/lib/index.js:10899:61)
      at TypeScriptParserMixin.parseExprOps (/Users/home/Documents/Perception_Website_Kimi/app/node_modules/@babel/parser/lib/index.js:10904:23)
      at TypeScriptParserMixin.parseMaybeConditional (/Users/home/Documents/Perception_Website_Kimi/app/node_modules/@babel/parser/lib/index.js:10881:23)
      at TypeScriptParserMixin.parseMaybeAssign (/Users/home/Documents/Perception_Website_Kimi/app/node_modules/@babel/parser/lib/index.js:10831:21)
      at TypeScriptParserMixin.parseMaybeAssign (/Users/home/Documents/Perception_Website_Kimi/app/node_modules/@babel/parser/lib/index.js:9786:20)
      at TypeScriptParserMixin.parseExpressionBase (/Users/home/Documents/Perception_Website_Kimi/app/node_modules/@babel/parser/lib/index.js:10784:23)
      at /Users/home/Documents/Perception_Website_Kimi/app/node_modules/@babel/parser/lib/index.js:10780:39
      at TypeScriptParserMixin.allowInAnd (/Users/home/Documents/Perception_Website_Kimi/app/node_modules/@babel/parser/lib/index.js:12421:16)
      at TypeScriptParserMixin.parseExpression (/Users/home/Documents/Perception_Website_Kimi/app/node_modules/@babel/parser/lib/index.js:10780:17)
      at TypeScriptParserMixin.parseReturnStatement (/Users/home/Documents/Perception_Website_Kimi/app/node_modules/@babel/parser/lib/index.js:13142:28)
      at TypeScriptParserMixin.parseStatementContent (/Users/home/Documents/Perception_Website_Kimi/app/node_modules/@babel/parser/lib/index.js:12798:21)
      at TypeScriptParserMixin.parseStatementContent (/Users/home/Documents/Perception_Website_Kimi/app/node_modules/@babel/parser/lib/index.js:9508:18)
      at TypeScriptParserMixin.parseStatementLike (/Users/home/Documents/Perception_Website_Kimi/app/node_modules/@babel/parser/lib/index.js:12767:17)
      at TypeScriptParserMixin.parseStatementListItem (/Users/home/Documents/Perception_Website_Kimi/app/node_modules/@babel/parser/lib/index.js:12747:17)
      at TypeScriptParserMixin.parseBlockOrModuleBlockBody (/Users/home/Documents/Perception_Website_Kimi/app/node_modules/@babel/parser/lib/index.js:13316:61)
12:23:03 PM [vite] Internal server error: /Users/home/Documents/Perception_Website_Kimi/app/src/pages/services/CoolingAirflow.tsx: Unexpected token (2270:8)

  2268 |       {/* Tier summaries + Image */}
  2269 |       <Grid style={{ marginBottom: 'var(--cds-spacing-06)' }}
> 2270 |         <Column lg={8} md={4} sm={4}>
       |         ^
  2271 |           {/* Tier summaries */}
  2272 |           <div style={{ borderTop: '1px solid var(--cds-border-subtle)' }}>
  2273 |             <p className="cds--label-01" style={{ color: 'var(--cds-text-helper)', textTransform: 'uppercase', paddingTop: 'var(--cds-spacing-05)', marginBottom: 'var(--cds-spacing-03)' }}>
  Plugin: vite:react-babel
  File: /Users/home/Documents/Perception_Website_Kimi/app/src/pages/services/CoolingAirflow.tsx:2270:8
  2268 |        {/* Tier summaries + Image */}
  2269 |        <Grid style={{ marginBottom: 'var(--cds-spacing-06)' }}
  2270 |          <Column lg={8} md={4} sm={4}>
       |          ^
  2271 |            {/* Tier summaries */}
  2272 |            <div style={{ borderTop: '1px solid var(--cds-border-subtle)' }}>
      at constructor (/Users/home/Documents/Perception_Website_Kimi/app/node_modules/@babel/parser/lib/index.js:365:19)
      at TypeScriptParserMixin.raise (/Users/home/Documents/Perception_Website_Kimi/app/node_modules/@babel/parser/lib/index.js:6599:19)
      at TypeScriptParserMixin.unexpected (/Users/home/Documents/Perception_Website_Kimi/app/node_modules/@babel/parser/lib/index.js:6619:16)
      at TypeScriptParserMixin.jsxParseIdentifier (/Users/home/Documents/Perception_Website_Kimi/app/node_modules/@babel/parser/lib/index.js:4569:12)
      at TypeScriptParserMixin.jsxParseNamespacedName (/Users/home/Documents/Perception_Website_Kimi/app/node_modules/@babel/parser/lib/index.js:4576:23)
      at TypeScriptParserMixin.jsxParseAttribute (/Users/home/Documents/Perception_Website_Kimi/app/node_modules/@babel/parser/lib/index.js:4652:22)
      at TypeScriptParserMixin.jsxParseOpeningElementAfterName (/Users/home/Documents/Perception_Website_Kimi/app/node_modules/@babel/parser/lib/index.js:4667:28)
      at TypeScriptParserMixin.jsxParseOpeningElementAfterName (/Users/home/Documents/Perception_Website_Kimi/app/node_modules/@babel/parser/lib/index.js:10043:18)
      at TypeScriptParserMixin.jsxParseOpeningElementAt (/Users/home/Documents/Perception_Website_Kimi/app/node_modules/@babel/parser/lib/index.js:4662:17)
      at TypeScriptParserMixin.jsxParseElementAt (/Users/home/Documents/Perception_Website_Kimi/app/node_modules/@babel/parser/lib/index.js:4686:33)
      at TypeScriptParserMixin.jsxParseElementAt (/Users/home/Documents/Perception_Website_Kimi/app/node_modules/@babel/parser/lib/index.js:4698:32)
      at TypeScriptParserMixin.jsxParseElement (/Users/home/Documents/Perception_Website_Kimi/app/node_modules/@babel/parser/lib/index.js:4749:17)
      at TypeScriptParserMixin.parseExprAtom (/Users/home/Documents/Perception_Website_Kimi/app/node_modules/@babel/parser/lib/index.js:4759:19)
      at TypeScriptParserMixin.parseExprSubscripts (/Users/home/Documents/Perception_Website_Kimi/app/node_modules/@babel/parser/lib/index.js:11081:23)
      at TypeScriptParserMixin.parseUpdate (/Users/home/Documents/Perception_Website_Kimi/app/node_modules/@babel/parser/lib/index.js:11066:21)
      at TypeScriptParserMixin.parseMaybeUnary (/Users/home/Documents/Perception_Website_Kimi/app/node_modules/@babel/parser/lib/index.js:11046:23)
      at TypeScriptParserMixin.parseMaybeUnary (/Users/home/Documents/Perception_Website_Kimi/app/node_modules/@babel/parser/lib/index.js:9837:18)
      at TypeScriptParserMixin.parseMaybeUnaryOrPrivate (/Users/home/Documents/Perception_Website_Kimi/app/node_modules/@babel/parser/lib/index.js:10899:61)
      at TypeScriptParserMixin.parseExprOps (/Users/home/Documents/Perception_Website_Kimi/app/node_modules/@babel/parser/lib/index.js:10904:23)
      at TypeScriptParserMixin.parseMaybeConditional (/Users/home/Documents/Perception_Website_Kimi/app/node_modules/@babel/parser/lib/index.js:10881:23)
      at TypeScriptParserMixin.parseMaybeAssign (/Users/home/Documents/Perception_Website_Kimi/app/node_modules/@babel/parser/lib/index.js:10831:21)
      at /Users/home/Documents/Perception_Website_Kimi/app/node_modules/@babel/parser/lib/index.js:9775:39
      at TypeScriptParserMixin.tryParse (/Users/home/Documents/Perception_Website_Kimi/app/node_modules/@babel/parser/lib/index.js:6907:20)
      at TypeScriptParserMixin.parseMaybeAssign (/Users/home/Documents/Perception_Website_Kimi/app/node_modules/@babel/parser/lib/index.js:9775:18)
      at /Users/home/Documents/Perception_Website_Kimi/app/node_modules/@babel/parser/lib/index.js:10800:39
      at TypeScriptParserMixin.allowInAnd (/Users/home/Documents/Perception_Website_Kimi/app/node_modules/@babel/parser/lib/index.js:12426:12)
      at TypeScriptParserMixin.parseMaybeAssignAllowIn (/Users/home/Documents/Perception_Website_Kimi/app/node_modules/@babel/parser/lib/index.js:10800:17)
      at TypeScriptParserMixin.parseMaybeAssignAllowInOrVoidPattern (/Users/home/Documents/Perception_Website_Kimi/app/node_modules/@babel/parser/lib/index.js:12493:17)
      at TypeScriptParserMixin.parseParenAndDistinguishExpression (/Users/home/Documents/Perception_Website_Kimi/app/node_modules/@babel/parser/lib/index.js:11675:28)
      at TypeScriptParserMixin.parseExprAtom (/Users/home/Documents/Perception_Website_Kimi/app/node_modules/@babel/parser/lib/index.js:11331:23)
      at TypeScriptParserMixin.parseExprAtom (/Users/home/Documents/Perception_Website_Kimi/app/node_modules/@babel/parser/lib/index.js:4764:20)
      at TypeScriptParserMixin.parseExprSubscripts (/Users/home/Documents/Perception_Website_Kimi/app/node_modules/@babel/parser/lib/index.js:11081:23)
      at TypeScriptParserMixin.parseUpdate (/Users/home/Documents/Perception_Website_Kimi/app/node_modules/@babel/parser/lib/index.js:11066:21)
      at TypeScriptParserMixin.parseMaybeUnary (/Users/home/Documents/Perception_Website_Kimi/app/node_modules/@babel/parser/lib/index.js:11046:23)
      at TypeScriptParserMixin.parseMaybeUnary (/Users/home/Documents/Perception_Website_Kimi/app/node_modules/@babel/parser/lib/index.js:9837:18)
      at TypeScriptParserMixin.parseMaybeUnaryOrPrivate (/Users/home/Documents/Perception_Website_Kimi/app/node_modules/@babel/parser/lib/index.js:10899:61)
      at TypeScriptParserMixin.parseExprOps (/Users/home/Documents/Perception_Website_Kimi/app/node_modules/@babel/parser/lib/index.js:10904:23)
      at TypeScriptParserMixin.parseMaybeConditional (/Users/home/Documents/Perception_Website_Kimi/app/node_modules/@babel/parser/lib/index.js:10881:23)
      at TypeScriptParserMixin.parseMaybeAssign (/Users/home/Documents/Perception_Website_Kimi/app/node_modules/@babel/parser/lib/index.js:10831:21)
      at TypeScriptParserMixin.parseMaybeAssign (/Users/home/Documents/Perception_Website_Kimi/app/node_modules/@babel/parser/lib/index.js:9786:20)
      at TypeScriptParserMixin.parseExpressionBase (/Users/home/Documents/Perception_Website_Kimi/app/node_modules/@babel/parser/lib/index.js:10784:23)
      at /Users/home/Documents/Perception_Website_Kimi/app/node_modules/@babel/parser/lib/index.js:10780:39
      at TypeScriptParserMixin.allowInAnd (/Users/home/Documents/Perception_Website_Kimi/app/node_modules/@babel/parser/lib/index.js:12421:16)
      at TypeScriptParserMixin.parseExpression (/Users/home/Documents/Perception_Website_Kimi/app/node_modules/@babel/parser/lib/index.js:10780:17)
      at TypeScriptParserMixin.parseReturnStatement (/Users/home/Documents/Perception_Website_Kimi/app/node_modules/@babel/parser/lib/index.js:13142:28)
      at TypeScriptParserMixin.parseStatementContent (/Users/home/Documents/Perception_Website_Kimi/app/node_modules/@babel/parser/lib/index.js:12798:21)
      at TypeScriptParserMixin.parseStatementContent (/Users/home/Documents/Perception_Website_Kimi/app/node_modules/@babel/parser/lib/index.js:9508:18)
      at TypeScriptParserMixin.parseStatementLike (/Users/home/Documents/Perception_Website_Kimi/app/node_modules/@babel/parser/lib/index.js:12767:17)
      at TypeScriptParserMixin.parseStatementListItem (/Users/home/Documents/Perception_Website_Kimi/app/node_modules/@babel/parser/lib/index.js:12747:17)
      at TypeScriptParserMixin.parseBlockOrModuleBlockBody (/Users/home/Documents/Perception_Website_Kimi/app/node_modules/@babel/parser/lib/index.js:13316:61)
12:23:03 PM [vite] Internal server error: /Users/home/Documents/Perception_Website_Kimi/app/src/pages/services/CoolingAirflow.tsx: Unexpected token (2270:8)

  2268 |       {/* Tier summaries + Image */}
  2269 |       <Grid style={{ marginBottom: 'var(--cds-spacing-06)' }}
> 2270 |         <Column lg={8} md={4} sm={4}>
       |         ^
  2271 |           {/* Tier summaries */}
  2272 |           <div style={{ borderTop: '1px solid var(--cds-border-subtle)' }}>
  2273 |             <p className="cds--label-01" style={{ color: 'var(--cds-text-helper)', textTransform: 'uppercase', paddingTop: 'var(--cds-spacing-05)', marginBottom: 'var(--cds-spacing-03)' }}>
  Plugin: vite:react-babel
  File: /Users/home/Documents/Perception_Website_Kimi/app/src/pages/services/CoolingAirflow.tsx:2270:8
  2268 |        {/* Tier summaries + Image */}
  2269 |        <Grid style={{ marginBottom: 'var(--cds-spacing-06)' }}
  2270 |          <Column lg={8} md={4} sm={4}>
       |          ^
  2271 |            {/* Tier summaries */}
  2272 |            <div style={{ borderTop: '1px solid var(--cds-border-subtle)' }}>
      at constructor (/Users/home/Documents/Perception_Website_Kimi/app/node_modules/@babel/parser/lib/index.js:365:19)
      at TypeScriptParserMixin.raise (/Users/home/Documents/Perception_Website_Kimi/app/node_modules/@babel/parser/lib/index.js:6599:19)
      at TypeScriptParserMixin.unexpected (/Users/home/Documents/Perception_Website_Kimi/app/node_modules/@babel/parser/lib/index.js:6619:16)
      at TypeScriptParserMixin.jsxParseIdentifier (/Users/home/Documents/Perception_Website_Kimi/app/node_modules/@babel/parser/lib/index.js:4569:12)
      at TypeScriptParserMixin.jsxParseNamespacedName (/Users/home/Documents/Perception_Website_Kimi/app/node_modules/@babel/parser/lib/index.js:4576:23)
      at TypeScriptParserMixin.jsxParseAttribute (/Users/home/Documents/Perception_Website_Kimi/app/node_modules/@babel/parser/lib/index.js:4652:22)
      at TypeScriptParserMixin.jsxParseOpeningElementAfterName (/Users/home/Documents/Perception_Website_Kimi/app/node_modules/@babel/parser/lib/index.js:4667:28)
      at TypeScriptParserMixin.jsxParseOpeningElementAfterName (/Users/home/Documents/Perception_Website_Kimi/app/node_modules/@babel/parser/lib/index.js:10043:18)
      at TypeScriptParserMixin.jsxParseOpeningElementAt (/Users/home/Documents/Perception_Website_Kimi/app/node_modules/@babel/parser/lib/index.js:4662:17)
      at TypeScriptParserMixin.jsxParseElementAt (/Users/home/Documents/Perception_Website_Kimi/app/node_modules/@babel/parser/lib/index.js:4686:33)
      at TypeScriptParserMixin.jsxParseElementAt (/Users/home/Documents/Perception_Website_Kimi/app/node_modules/@babel/parser/lib/index.js:4698:32)
      at TypeScriptParserMixin.jsxParseElement (/Users/home/Documents/Perception_Website_Kimi/app/node_modules/@babel/parser/lib/index.js:4749:17)
      at TypeScriptParserMixin.parseExprAtom (/Users/home/Documents/Perception_Website_Kimi/app/node_modules/@babel/parser/lib/index.js:4759:19)
      at TypeScriptParserMixin.parseExprSubscripts (/Users/home/Documents/Perception_Website_Kimi/app/node_modules/@babel/parser/lib/index.js:11081:23)
      at TypeScriptParserMixin.parseUpdate (/Users/home/Documents/Perception_Website_Kimi/app/node_modules/@babel/parser/lib/index.js:11066:21)
      at TypeScriptParserMixin.parseMaybeUnary (/Users/home/Documents/Perception_Website_Kimi/app/node_modules/@babel/parser/lib/index.js:11046:23)
      at TypeScriptParserMixin.parseMaybeUnary (/Users/home/Documents/Perception_Website_Kimi/app/node_modules/@babel/parser/lib/index.js:9837:18)
      at TypeScriptParserMixin.parseMaybeUnaryOrPrivate (/Users/home/Documents/Perception_Website_Kimi/app/node_modules/@babel/parser/lib/index.js:10899:61)
      at TypeScriptParserMixin.parseExprOps (/Users/home/Documents/Perception_Website_Kimi/app/node_modules/@babel/parser/lib/index.js:10904:23)
      at TypeScriptParserMixin.parseMaybeConditional (/Users/home/Documents/Perception_Website_Kimi/app/node_modules/@babel/parser/lib/index.js:10881:23)
      at TypeScriptParserMixin.parseMaybeAssign (/Users/home/Documents/Perception_Website_Kimi/app/node_modules/@babel/parser/lib/index.js:10831:21)
      at /Users/home/Documents/Perception_Website_Kimi/app/node_modules/@babel/parser/lib/index.js:9775:39
      at TypeScriptParserMixin.tryParse (/Users/home/Documents/Perception_Website_Kimi/app/node_modules/@babel/parser/lib/index.js:6907:20)
      at TypeScriptParserMixin.parseMaybeAssign (/Users/home/Documents/Perception_Website_Kimi/app/node_modules/@babel/parser/lib/index.js:9775:18)
      at /Users/home/Documents/Perception_Website_Kimi/app/node_modules/@babel/parser/lib/index.js:10800:39
      at TypeScriptParserMixin.allowInAnd (/Users/home/Documents/Perception_Website_Kimi/app/node_modules/@babel/parser/lib/index.js:12426:12)
      at TypeScriptParserMixin.parseMaybeAssignAllowIn (/Users/home/Documents/Perception_Website_Kimi/app/node_modules/@babel/parser/lib/index.js:10800:17)
      at TypeScriptParserMixin.parseMaybeAssignAllowInOrVoidPattern (/Users/home/Documents/Perception_Website_Kimi/app/node_modules/@babel/parser/lib/index.js:12493:17)
      at TypeScriptParserMixin.parseParenAndDistinguishExpression (/Users/home/Documents/Perception_Website_Kimi/app/node_modules/@babel/parser/lib/index.js:11675:28)
      at TypeScriptParserMixin.parseExprAtom (/Users/home/Documents/Perception_Website_Kimi/app/node_modules/@babel/parser/lib/index.js:11331:23)
      at TypeScriptParserMixin.parseExprAtom (/Users/home/Documents/Perception_Website_Kimi/app/node_modules/@babel/parser/lib/index.js:4764:20)
      at TypeScriptParserMixin.parseExprSubscripts (/Users/home/Documents/Perception_Website_Kimi/app/node_modules/@babel/parser/lib/index.js:11081:23)
      at TypeScriptParserMixin.parseUpdate (/Users/home/Documents/Perception_Website_Kimi/app/node_modules/@babel/parser/lib/index.js:11066:21)
      at TypeScriptParserMixin.parseMaybeUnary (/Users/home/Documents/Perception_Website_Kimi/app/node_modules/@babel/parser/lib/index.js:11046:23)
      at TypeScriptParserMixin.parseMaybeUnary (/Users/home/Documents/Perception_Website_Kimi/app/node_modules/@babel/parser/lib/index.js:9837:18)
      at TypeScriptParserMixin.parseMaybeUnaryOrPrivate (/Users/home/Documents/Perception_Website_Kimi/app/node_modules/@babel/parser/lib/index.js:10899:61)
      at TypeScriptParserMixin.parseExprOps (/Users/home/Documents/Perception_Website_Kimi/app/node_modules/@babel/parser/lib/index.js:10904:23)
      at TypeScriptParserMixin.parseMaybeConditional (/Users/home/Documents/Perception_Website_Kimi/app/node_modules/@babel/parser/lib/index.js:10881:23)
      at TypeScriptParserMixin.parseMaybeAssign (/Users/home/Documents/Perception_Website_Kimi/app/node_modules/@babel/parser/lib/index.js:10831:21)
      at TypeScriptParserMixin.parseMaybeAssign (/Users/home/Documents/Perception_Website_Kimi/app/node_modules/@babel/parser/lib/index.js:9786:20)
      at TypeScriptParserMixin.parseExpressionBase (/Users/home/Documents/Perception_Website_Kimi/app/node_modules/@babel/parser/lib/index.js:10784:23)
      at /Users/home/Documents/Perception_Website_Kimi/app/node_modules/@babel/parser/lib/index.js:10780:39
      at TypeScriptParserMixin.allowInAnd (/Users/home/Documents/Perception_Website_Kimi/app/node_modules/@babel/parser/lib/index.js:12421:16)
      at TypeScriptParserMixin.parseExpression (/Users/home/Documents/Perception_Website_Kimi/app/node_modules/@babel/parser/lib/index.js:10780:17)
      at TypeScriptParserMixin.parseReturnStatement (/Users/home/Documents/Perception_Website_Kimi/app/node_modules/@babel/parser/lib/index.js:13142:28)
      at TypeScriptParserMixin.parseStatementContent (/Users/home/Documents/Perception_Website_Kimi/app/node_modules/@babel/parser/lib/index.js:12798:21)
      at TypeScriptParserMixin.parseStatementContent (/Users/home/Documents/Perception_Website_Kimi/app/node_modules/@babel/parser/lib/index.js:9508:18)
      at TypeScriptParserMixin.parseStatementLike (/Users/home/Documents/Perception_Website_Kimi/app/node_modules/@babel/parser/lib/index.js:12767:17)
      at TypeScriptParserMixin.parseStatementListItem (/Users/home/Documents/Perception_Website_Kimi/app/node_modules/@babel/parser/lib/index.js:12747:17)
      at TypeScriptParserMixin.parseBlockOrModuleBlockBody (/Users/home/Documents/Perception_Website_Kimi/app/node_modules/@babel/parser/lib/index.js:13316:61)
12:23:03 PM [vite] Internal server error: /Users/home/Documents/Perception_Website_Kimi/app/src/pages/services/CoolingAirflow.tsx: Unexpected token (2270:8)

  2268 |       {/* Tier summaries + Image */}
  2269 |       <Grid style={{ marginBottom: 'var(--cds-spacing-06)' }}
> 2270 |         <Column lg={8} md={4} sm={4}>
       |         ^
  2271 |           {/* Tier summaries */}
  2272 |           <div style={{ borderTop: '1px solid var(--cds-border-subtle)' }}>
  2273 |             <p className="cds--label-01" style={{ color: 'var(--cds-text-helper)', textTransform: 'uppercase', paddingTop: 'var(--cds-spacing-05)', marginBottom: 'var(--cds-spacing-03)' }}>
  Plugin: vite:react-babel
  File: /Users/home/Documents/Perception_Website_Kimi/app/src/pages/services/CoolingAirflow.tsx:2270:8
  2268 |        {/* Tier summaries + Image */}
  2269 |        <Grid style={{ marginBottom: 'var(--cds-spacing-06)' }}
  2270 |          <Column lg={8} md={4} sm={4}>
       |          ^
  2271 |            {/* Tier summaries */}
  2272 |            <div style={{ borderTop: '1px solid var(--cds-border-subtle)' }}>
      at constructor (/Users/home/Documents/Perception_Website_Kimi/app/node_modules/@babel/parser/lib/index.js:365:19)
      at TypeScriptParserMixin.raise (/Users/home/Documents/Perception_Website_Kimi/app/node_modules/@babel/parser/lib/index.js:6599:19)
      at TypeScriptParserMixin.unexpected (/Users/home/Documents/Perception_Website_Kimi/app/node_modules/@babel/parser/lib/index.js:6619:16)
      at TypeScriptParserMixin.jsxParseIdentifier (/Users/home/Documents/Perception_Website_Kimi/app/node_modules/@babel/parser/lib/index.js:4569:12)
      at TypeScriptParserMixin.jsxParseNamespacedName (/Users/home/Documents/Perception_Website_Kimi/app/node_modules/@babel/parser/lib/index.js:4576:23)
      at TypeScriptParserMixin.jsxParseAttribute (/Users/home/Documents/Perception_Website_Kimi/app/node_modules/@babel/parser/lib/index.js:4652:22)
      at TypeScriptParserMixin.jsxParseOpeningElementAfterName (/Users/home/Documents/Perception_Website_Kimi/app/node_modules/@babel/parser/lib/index.js:4667:28)
      at TypeScriptParserMixin.jsxParseOpeningElementAfterName (/Users/home/Documents/Perception_Website_Kimi/app/node_modules/@babel/parser/lib/index.js:10043:18)
      at TypeScriptParserMixin.jsxParseOpeningElementAt (/Users/home/Documents/Perception_Website_Kimi/app/node_modules/@babel/parser/lib/index.js:4662:17)
      at TypeScriptParserMixin.jsxParseElementAt (/Users/home/Documents/Perception_Website_Kimi/app/node_modules/@babel/parser/lib/index.js:4686:33)
      at TypeScriptParserMixin.jsxParseElementAt (/Users/home/Documents/Perception_Website_Kimi/app/node_modules/@babel/parser/lib/index.js:4698:32)
      at TypeScriptParserMixin.jsxParseElement (/Users/home/Documents/Perception_Website_Kimi/app/node_modules/@babel/parser/lib/index.js:4749:17)
      at TypeScriptParserMixin.parseExprAtom (/Users/home/Documents/Perception_Website_Kimi/app/node_modules/@babel/parser/lib/index.js:4759:19)
      at TypeScriptParserMixin.parseExprSubscripts (/Users/home/Documents/Perception_Website_Kimi/app/node_modules/@babel/parser/lib/index.js:11081:23)
      at TypeScriptParserMixin.parseUpdate (/Users/home/Documents/Perception_Website_Kimi/app/node_modules/@babel/parser/lib/index.js:11066:21)
      at TypeScriptParserMixin.parseMaybeUnary (/Users/home/Documents/Perception_Website_Kimi/app/node_modules/@babel/parser/lib/index.js:11046:23)
      at TypeScriptParserMixin.parseMaybeUnary (/Users/home/Documents/Perception_Website_Kimi/app/node_modules/@babel/parser/lib/index.js:9837:18)
      at TypeScriptParserMixin.parseMaybeUnaryOrPrivate (/Users/home/Documents/Perception_Website_Kimi/app/node_modules/@babel/parser/lib/index.js:10899:61)
      at TypeScriptParserMixin.parseExprOps (/Users/home/Documents/Perception_Website_Kimi/app/node_modules/@babel/parser/lib/index.js:10904:23)
      at TypeScriptParserMixin.parseMaybeConditional (/Users/home/Documents/Perception_Website_Kimi/app/node_modules/@babel/parser/lib/index.js:10881:23)
      at TypeScriptParserMixin.parseMaybeAssign (/Users/home/Documents/Perception_Website_Kimi/app/node_modules/@babel/parser/lib/index.js:10831:21)
      at /Users/home/Documents/Perception_Website_Kimi/app/node_modules/@babel/parser/lib/index.js:9775:39
      at TypeScriptParserMixin.tryParse (/Users/home/Documents/Perception_Website_Kimi/app/node_modules/@babel/parser/lib/index.js:6907:20)
      at TypeScriptParserMixin.parseMaybeAssign (/Users/home/Documents/Perception_Website_Kimi/app/node_modules/@babel/parser/lib/index.js:9775:18)
      at /Users/home/Documents/Perception_Website_Kimi/app/node_modules/@babel/parser/lib/index.js:10800:39
      at TypeScriptParserMixin.allowInAnd (/Users/home/Documents/Perception_Website_Kimi/app/node_modules/@babel/parser/lib/index.js:12426:12)
      at TypeScriptParserMixin.parseMaybeAssignAllowIn (/Users/home/Documents/Perception_Website_Kimi/app/node_modules/@babel/parser/lib/index.js:10800:17)
      at TypeScriptParserMixin.parseMaybeAssignAllowInOrVoidPattern (/Users/home/Documents/Perception_Website_Kimi/app/node_modules/@babel/parser/lib/index.js:12493:17)
      at TypeScriptParserMixin.parseParenAndDistinguishExpression (/Users/home/Documents/Perception_Website_Kimi/app/node_modules/@babel/parser/lib/index.js:11675:28)
      at TypeScriptParserMixin.parseExprAtom (/Users/home/Documents/Perception_Website_Kimi/app/node_modules/@babel/parser/lib/index.js:11331:23)
      at TypeScriptParserMixin.parseExprAtom (/Users/home/Documents/Perception_Website_Kimi/app/node_modules/@babel/parser/lib/index.js:4764:20)
      at TypeScriptParserMixin.parseExprSubscripts (/Users/home/Documents/Perception_Website_Kimi/app/node_modules/@babel/parser/lib/index.js:11081:23)
      at TypeScriptParserMixin.parseUpdate (/Users/home/Documents/Perception_Website_Kimi/app/node_modules/@babel/parser/lib/index.js:11066:21)
      at TypeScriptParserMixin.parseMaybeUnary (/Users/home/Documents/Perception_Website_Kimi/app/node_modules/@babel/parser/lib/index.js:11046:23)
      at TypeScriptParserMixin.parseMaybeUnary (/Users/home/Documents/Perception_Website_Kimi/app/node_modules/@babel/parser/lib/index.js:9837:18)
      at TypeScriptParserMixin.parseMaybeUnaryOrPrivate (/Users/home/Documents/Perception_Website_Kimi/app/node_modules/@babel/parser/lib/index.js:10899:61)
      at TypeScriptParserMixin.parseExprOps (/Users/home/Documents/Perception_Website_Kimi/app/node_modules/@babel/parser/lib/index.js:10904:23)
      at TypeScriptParserMixin.parseMaybeConditional (/Users/home/Documents/Perception_Website_Kimi/app/node_modules/@babel/parser/lib/index.js:10881:23)
      at TypeScriptParserMixin.parseMaybeAssign (/Users/home/Documents/Perception_Website_Kimi/app/node_modules/@babel/parser/lib/index.js:10831:21)
      at TypeScriptParserMixin.parseMaybeAssign (/Users/home/Documents/Perception_Website_Kimi/app/node_modules/@babel/parser/lib/index.js:9786:20)
      at TypeScriptParserMixin.parseExpressionBase (/Users/home/Documents/Perception_Website_Kimi/app/node_modules/@babel/parser/lib/index.js:10784:23)
      at /Users/home/Documents/Perception_Website_Kimi/app/node_modules/@babel/parser/lib/index.js:10780:39
      at TypeScriptParserMixin.allowInAnd (/Users/home/Documents/Perception_Website_Kimi/app/node_modules/@babel/parser/lib/index.js:12421:16)
      at TypeScriptParserMixin.parseExpression (/Users/home/Documents/Perception_Website_Kimi/app/node_modules/@babel/parser/lib/index.js:10780:17)
      at TypeScriptParserMixin.parseReturnStatement (/Users/home/Documents/Perception_Website_Kimi/app/node_modules/@babel/parser/lib/index.js:13142:28)
      at TypeScriptParserMixin.parseStatementContent (/Users/home/Documents/Perception_Website_Kimi/app/node_modules/@babel/parser/lib/index.js:12798:21)
      at TypeScriptParserMixin.parseStatementContent (/Users/home/Documents/Perception_Website_Kimi/app/node_modules/@babel/parser/lib/index.js:9508:18)
      at TypeScriptParserMixin.parseStatementLike (/Users/home/Documents/Perception_Website_Kimi/app/node_modules/@babel/parser/lib/index.js:12767:17)
      at TypeScriptParserMixin.parseStatementListItem (/Users/home/Documents/Perception_Website_Kimi/app/node_modules/@babel/parser/lib/index.js:12747:17)
      at TypeScriptParserMixin.parseBlockOrModuleBlockBody (/Users/home/Documents/Perception_Website_Kimi/app/node_modules/@babel/parser/lib/index.js:13316:61)
12:23:50 PM [vite] (client) hmr update /src/pages/services/CoolingAirflow.tsx, /src/index.css
12:23:50 PM [vite] Internal server error: /Users/home/Documents/Perception_Website_Kimi/app/src/pages/services/CoolingAirflow.tsx: Unexpected token (2270:8)

  2268 |       {/* Tier summaries + Image */}
  2269 |       <Grid style={{ marginBottom: 'var(--cds-spacing-06)' }}
> 2270 |         <Column lg={8} md={4} sm={4}>
       |         ^
  2271 |           {/* Tier summaries */}
  2272 |           <div style={{ borderTop: '1px solid var(--cds-border-subtle)' }}>
  2273 |             <p className="cds--label-01" style={{ color: 'var(--cds-text-helper)', textTransform: 'uppercase', paddingTop: 'var(--cds-spacing-05)', marginBottom: 'var(--cds-spacing-03)' }}>
  Plugin: vite:react-babel
  File: /Users/home/Documents/Perception_Website_Kimi/app/src/pages/services/CoolingAirflow.tsx:2270:8
  2268 |        {/* Tier summaries + Image */}
  2269 |        <Grid style={{ marginBottom: 'var(--cds-spacing-06)' }}
  2270 |          <Column lg={8} md={4} sm={4}>
       |          ^
  2271 |            {/* Tier summaries */}
  2272 |            <div style={{ borderTop: '1px solid var(--cds-border-subtle)' }}>
      at constructor (/Users/home/Documents/Perception_Website_Kimi/app/node_modules/@babel/parser/lib/index.js:365:19)
      at TypeScriptParserMixin.raise (/Users/home/Documents/Perception_Website_Kimi/app/node_modules/@babel/parser/lib/index.js:6599:19)
      at TypeScriptParserMixin.unexpected (/Users/home/Documents/Perception_Website_Kimi/app/node_modules/@babel/parser/lib/index.js:6619:16)
      at TypeScriptParserMixin.jsxParseIdentifier (/Users/home/Documents/Perception_Website_Kimi/app/node_modules/@babel/parser/lib/index.js:4569:12)
      at TypeScriptParserMixin.jsxParseNamespacedName (/Users/home/Documents/Perception_Website_Kimi/app/node_modules/@babel/parser/lib/index.js:4576:23)
      at TypeScriptParserMixin.jsxParseAttribute (/Users/home/Documents/Perception_Website_Kimi/app/node_modules/@babel/parser/lib/index.js:4652:22)
      at TypeScriptParserMixin.jsxParseOpeningElementAfterName (/Users/home/Documents/Perception_Website_Kimi/app/node_modules/@babel/parser/lib/index.js:4667:28)
      at TypeScriptParserMixin.jsxParseOpeningElementAfterName (/Users/home/Documents/Perception_Website_Kimi/app/node_modules/@babel/parser/lib/index.js:10043:18)
      at TypeScriptParserMixin.jsxParseOpeningElementAt (/Users/home/Documents/Perception_Website_Kimi/app/node_modules/@babel/parser/lib/index.js:4662:17)
      at TypeScriptParserMixin.jsxParseElementAt (/Users/home/Documents/Perception_Website_Kimi/app/node_modules/@babel/parser/lib/index.js:4686:33)
      at TypeScriptParserMixin.jsxParseElementAt (/Users/home/Documents/Perception_Website_Kimi/app/node_modules/@babel/parser/lib/index.js:4698:32)
      at TypeScriptParserMixin.jsxParseElement (/Users/home/Documents/Perception_Website_Kimi/app/node_modules/@babel/parser/lib/index.js:4749:17)
      at TypeScriptParserMixin.parseExprAtom (/Users/home/Documents/Perception_Website_Kimi/app/node_modules/@babel/parser/lib/index.js:4759:19)
      at TypeScriptParserMixin.parseExprSubscripts (/Users/home/Documents/Perception_Website_Kimi/app/node_modules/@babel/parser/lib/index.js:11081:23)
      at TypeScriptParserMixin.parseUpdate (/Users/home/Documents/Perception_Website_Kimi/app/node_modules/@babel/parser/lib/index.js:11066:21)
      at TypeScriptParserMixin.parseMaybeUnary (/Users/home/Documents/Perception_Website_Kimi/app/node_modules/@babel/parser/lib/index.js:11046:23)
      at TypeScriptParserMixin.parseMaybeUnary (/Users/home/Documents/Perception_Website_Kimi/app/node_modules/@babel/parser/lib/index.js:9837:18)
      at TypeScriptParserMixin.parseMaybeUnaryOrPrivate (/Users/home/Documents/Perception_Website_Kimi/app/node_modules/@babel/parser/lib/index.js:10899:61)
      at TypeScriptParserMixin.parseExprOps (/Users/home/Documents/Perception_Website_Kimi/app/node_modules/@babel/parser/lib/index.js:10904:23)
      at TypeScriptParserMixin.parseMaybeConditional (/Users/home/Documents/Perception_Website_Kimi/app/node_modules/@babel/parser/lib/index.js:10881:23)
      at TypeScriptParserMixin.parseMaybeAssign (/Users/home/Documents/Perception_Website_Kimi/app/node_modules/@babel/parser/lib/index.js:10831:21)
      at /Users/home/Documents/Perception_Website_Kimi/app/node_modules/@babel/parser/lib/index.js:9775:39
      at TypeScriptParserMixin.tryParse (/Users/home/Documents/Perception_Website_Kimi/app/node_modules/@babel/parser/lib/index.js:6907:20)
      at TypeScriptParserMixin.parseMaybeAssign (/Users/home/Documents/Perception_Website_Kimi/app/node_modules/@babel/parser/lib/index.js:9775:18)
      at /Users/home/Documents/Perception_Website_Kimi/app/node_modules/@babel/parser/lib/index.js:10800:39
      at TypeScriptParserMixin.allowInAnd (/Users/home/Documents/Perception_Website_Kimi/app/node_modules/@babel/parser/lib/index.js:12426:12)
      at TypeScriptParserMixin.parseMaybeAssignAllowIn (/Users/home/Documents/Perception_Website_Kimi/app/node_modules/@babel/parser/lib/index.js:10800:17)
      at TypeScriptParserMixin.parseMaybeAssignAllowInOrVoidPattern (/Users/home/Documents/Perception_Website_Kimi/app/node_modules/@babel/parser/lib/index.js:12493:17)
      at TypeScriptParserMixin.parseParenAndDistinguishExpression (/Users/home/Documents/Perception_Website_Kimi/app/node_modules/@babel/parser/lib/index.js:11675:28)
      at TypeScriptParserMixin.parseExprAtom (/Users/home/Documents/Perception_Website_Kimi/app/node_modules/@babel/parser/lib/index.js:11331:23)
      at TypeScriptParserMixin.parseExprAtom (/Users/home/Documents/Perception_Website_Kimi/app/node_modules/@babel/parser/lib/index.js:4764:20)
      at TypeScriptParserMixin.parseExprSubscripts (/Users/home/Documents/Perception_Website_Kimi/app/node_modules/@babel/parser/lib/index.js:11081:23)
      at TypeScriptParserMixin.parseUpdate (/Users/home/Documents/Perception_Website_Kimi/app/node_modules/@babel/parser/lib/index.js:11066:21)
      at TypeScriptParserMixin.parseMaybeUnary (/Users/home/Documents/Perception_Website_Kimi/app/node_modules/@babel/parser/lib/index.js:11046:23)
      at TypeScriptParserMixin.parseMaybeUnary (/Users/home/Documents/Perception_Website_Kimi/app/node_modules/@babel/parser/lib/index.js:9837:18)
      at TypeScriptParserMixin.parseMaybeUnaryOrPrivate (/Users/home/Documents/Perception_Website_Kimi/app/node_modules/@babel/parser/lib/index.js:10899:61)
      at TypeScriptParserMixin.parseExprOps (/Users/home/Documents/Perception_Website_Kimi/app/node_modules/@babel/parser/lib/index.js:10904:23)
      at TypeScriptParserMixin.parseMaybeConditional (/Users/home/Documents/Perception_Website_Kimi/app/node_modules/@babel/parser/lib/index.js:10881:23)
      at TypeScriptParserMixin.parseMaybeAssign (/Users/home/Documents/Perception_Website_Kimi/app/node_modules/@babel/parser/lib/index.js:10831:21)
      at TypeScriptParserMixin.parseMaybeAssign (/Users/home/Documents/Perception_Website_Kimi/app/node_modules/@babel/parser/lib/index.js:9786:20)
      at TypeScriptParserMixin.parseExpressionBase (/Users/home/Documents/Perception_Website_Kimi/app/node_modules/@babel/parser/lib/index.js:10784:23)
      at /Users/home/Documents/Perception_Website_Kimi/app/node_modules/@babel/parser/lib/index.js:10780:39
      at TypeScriptParserMixin.allowInAnd (/Users/home/Documents/Perception_Website_Kimi/app/node_modules/@babel/parser/lib/index.js:12421:16)
      at TypeScriptParserMixin.parseExpression (/Users/home/Documents/Perception_Website_Kimi/app/node_modules/@babel/parser/lib/index.js:10780:17)
      at TypeScriptParserMixin.parseReturnStatement (/Users/home/Documents/Perception_Website_Kimi/app/node_modules/@babel/parser/lib/index.js:13142:28)
      at TypeScriptParserMixin.parseStatementContent (/Users/home/Documents/Perception_Website_Kimi/app/node_modules/@babel/parser/lib/index.js:12798:21)
      at TypeScriptParserMixin.parseStatementContent (/Users/home/Documents/Perception_Website_Kimi/app/node_modules/@babel/parser/lib/index.js:9508:18)
      at TypeScriptParserMixin.parseStatementLike (/Users/home/Documents/Perception_Website_Kimi/app/node_modules/@babel/parser/lib/index.js:12767:17)
      at TypeScriptParserMixin.parseStatementListItem (/Users/home/Documents/Perception_Website_Kimi/app/node_modules/@babel/parser/lib/index.js:12747:17)
      at TypeScriptParserMixin.parseBlockOrModuleBlockBody (/Users/home/Documents/Perception_Website_Kimi/app/node_modules/@babel/parser/lib/index.js:13316:61)
12:23:50 PM [vite] Internal server error: /Users/home/Documents/Perception_Website_Kimi/app/src/pages/services/CoolingAirflow.tsx: Unexpected token (2270:8)

  2268 |       {/* Tier summaries + Image */}
  2269 |       <Grid style={{ marginBottom: 'var(--cds-spacing-06)' }}
> 2270 |         <Column lg={8} md={4} sm={4}>
       |         ^
  2271 |           {/* Tier summaries */}
  2272 |           <div style={{ borderTop: '1px solid var(--cds-border-subtle)' }}>
  2273 |             <p className="cds--label-01" style={{ color: 'var(--cds-text-helper)', textTransform: 'uppercase', paddingTop: 'var(--cds-spacing-05)', marginBottom: 'var(--cds-spacing-03)' }}>
  Plugin: vite:react-babel
  File: /Users/home/Documents/Perception_Website_Kimi/app/src/pages/services/CoolingAirflow.tsx:2270:8
  2268 |        {/* Tier summaries + Image */}
  2269 |        <Grid style={{ marginBottom: 'var(--cds-spacing-06)' }}
  2270 |          <Column lg={8} md={4} sm={4}>
       |          ^
  2271 |            {/* Tier summaries */}
  2272 |            <div style={{ borderTop: '1px solid var(--cds-border-subtle)' }}>
      at constructor (/Users/home/Documents/Perception_Website_Kimi/app/node_modules/@babel/parser/lib/index.js:365:19)
      at TypeScriptParserMixin.raise (/Users/home/Documents/Perception_Website_Kimi/app/node_modules/@babel/parser/lib/index.js:6599:19)
      at TypeScriptParserMixin.unexpected (/Users/home/Documents/Perception_Website_Kimi/app/node_modules/@babel/parser/lib/index.js:6619:16)
      at TypeScriptParserMixin.jsxParseIdentifier (/Users/home/Documents/Perception_Website_Kimi/app/node_modules/@babel/parser/lib/index.js:4569:12)
      at TypeScriptParserMixin.jsxParseNamespacedName (/Users/home/Documents/Perception_Website_Kimi/app/node_modules/@babel/parser/lib/index.js:4576:23)
      at TypeScriptParserMixin.jsxParseAttribute (/Users/home/Documents/Perception_Website_Kimi/app/node_modules/@babel/parser/lib/index.js:4652:22)
      at TypeScriptParserMixin.jsxParseOpeningElementAfterName (/Users/home/Documents/Perception_Website_Kimi/app/node_modules/@babel/parser/lib/index.js:4667:28)
      at TypeScriptParserMixin.jsxParseOpeningElementAfterName (/Users/home/Documents/Perception_Website_Kimi/app/node_modules/@babel/parser/lib/index.js:10043:18)
      at TypeScriptParserMixin.jsxParseOpeningElementAt (/Users/home/Documents/Perception_Website_Kimi/app/node_modules/@babel/parser/lib/index.js:4662:17)
      at TypeScriptParserMixin.jsxParseElementAt (/Users/home/Documents/Perception_Website_Kimi/app/node_modules/@babel/parser/lib/index.js:4686:33)
      at TypeScriptParserMixin.jsxParseElementAt (/Users/home/Documents/Perception_Website_Kimi/app/node_modules/@babel/parser/lib/index.js:4698:32)
      at TypeScriptParserMixin.jsxParseElement (/Users/home/Documents/Perception_Website_Kimi/app/node_modules/@babel/parser/lib/index.js:4749:17)
      at TypeScriptParserMixin.parseExprAtom (/Users/home/Documents/Perception_Website_Kimi/app/node_modules/@babel/parser/lib/index.js:4759:19)
      at TypeScriptParserMixin.parseExprSubscripts (/Users/home/Documents/Perception_Website_Kimi/app/node_modules/@babel/parser/lib/index.js:11081:23)
      at TypeScriptParserMixin.parseUpdate (/Users/home/Documents/Perception_Website_Kimi/app/node_modules/@babel/parser/lib/index.js:11066:21)
      at TypeScriptParserMixin.parseMaybeUnary (/Users/home/Documents/Perception_Website_Kimi/app/node_modules/@babel/parser/lib/index.js:11046:23)
      at TypeScriptParserMixin.parseMaybeUnary (/Users/home/Documents/Perception_Website_Kimi/app/node_modules/@babel/parser/lib/index.js:9837:18)
      at TypeScriptParserMixin.parseMaybeUnaryOrPrivate (/Users/home/Documents/Perception_Website_Kimi/app/node_modules/@babel/parser/lib/index.js:10899:61)
      at TypeScriptParserMixin.parseExprOps (/Users/home/Documents/Perception_Website_Kimi/app/node_modules/@babel/parser/lib/index.js:10904:23)
      at TypeScriptParserMixin.parseMaybeConditional (/Users/home/Documents/Perception_Website_Kimi/app/node_modules/@babel/parser/lib/index.js:10881:23)
      at TypeScriptParserMixin.parseMaybeAssign (/Users/home/Documents/Perception_Website_Kimi/app/node_modules/@babel/parser/lib/index.js:10831:21)
      at /Users/home/Documents/Perception_Website_Kimi/app/node_modules/@babel/parser/lib/index.js:9775:39
      at TypeScriptParserMixin.tryParse (/Users/home/Documents/Perception_Website_Kimi/app/node_modules/@babel/parser/lib/index.js:6907:20)
      at TypeScriptParserMixin.parseMaybeAssign (/Users/home/Documents/Perception_Website_Kimi/app/node_modules/@babel/parser/lib/index.js:9775:18)
      at /Users/home/Documents/Perception_Website_Kimi/app/node_modules/@babel/parser/lib/index.js:10800:39
      at TypeScriptParserMixin.allowInAnd (/Users/home/Documents/Perception_Website_Kimi/app/node_modules/@babel/parser/lib/index.js:12426:12)
      at TypeScriptParserMixin.parseMaybeAssignAllowIn (/Users/home/Documents/Perception_Website_Kimi/app/node_modules/@babel/parser/lib/index.js:10800:17)
      at TypeScriptParserMixin.parseMaybeAssignAllowInOrVoidPattern (/Users/home/Documents/Perception_Website_Kimi/app/node_modules/@babel/parser/lib/index.js:12493:17)
      at TypeScriptParserMixin.parseParenAndDistinguishExpression (/Users/home/Documents/Perception_Website_Kimi/app/node_modules/@babel/parser/lib/index.js:11675:28)
      at TypeScriptParserMixin.parseExprAtom (/Users/home/Documents/Perception_Website_Kimi/app/node_modules/@babel/parser/lib/index.js:11331:23)
      at TypeScriptParserMixin.parseExprAtom (/Users/home/Documents/Perception_Website_Kimi/app/node_modules/@babel/parser/lib/index.js:4764:20)
      at TypeScriptParserMixin.parseExprSubscripts (/Users/home/Documents/Perception_Website_Kimi/app/node_modules/@babel/parser/lib/index.js:11081:23)
      at TypeScriptParserMixin.parseUpdate (/Users/home/Documents/Perception_Website_Kimi/app/node_modules/@babel/parser/lib/index.js:11066:21)
      at TypeScriptParserMixin.parseMaybeUnary (/Users/home/Documents/Perception_Website_Kimi/app/node_modules/@babel/parser/lib/index.js:11046:23)
      at TypeScriptParserMixin.parseMaybeUnary (/Users/home/Documents/Perception_Website_Kimi/app/node_modules/@babel/parser/lib/index.js:9837:18)
      at TypeScriptParserMixin.parseMaybeUnaryOrPrivate (/Users/home/Documents/Perception_Website_Kimi/app/node_modules/@babel/parser/lib/index.js:10899:61)
      at TypeScriptParserMixin.parseExprOps (/Users/home/Documents/Perception_Website_Kimi/app/node_modules/@babel/parser/lib/index.js:10904:23)
      at TypeScriptParserMixin.parseMaybeConditional (/Users/home/Documents/Perception_Website_Kimi/app/node_modules/@babel/parser/lib/index.js:10881:23)
      at TypeScriptParserMixin.parseMaybeAssign (/Users/home/Documents/Perception_Website_Kimi/app/node_modules/@babel/parser/lib/index.js:10831:21)
      at TypeScriptParserMixin.parseMaybeAssign (/Users/home/Documents/Perception_Website_Kimi/app/node_modules/@babel/parser/lib/index.js:9786:20)
      at TypeScriptParserMixin.parseExpressionBase (/Users/home/Documents/Perception_Website_Kimi/app/node_modules/@babel/parser/lib/index.js:10784:23)
      at /Users/home/Documents/Perception_Website_Kimi/app/node_modules/@babel/parser/lib/index.js:10780:39
      at TypeScriptParserMixin.allowInAnd (/Users/home/Documents/Perception_Website_Kimi/app/node_modules/@babel/parser/lib/index.js:12421:16)
      at TypeScriptParserMixin.parseExpression (/Users/home/Documents/Perception_Website_Kimi/app/node_modules/@babel/parser/lib/index.js:10780:17)
      at TypeScriptParserMixin.parseReturnStatement (/Users/home/Documents/Perception_Website_Kimi/app/node_modules/@babel/parser/lib/index.js:13142:28)
      at TypeScriptParserMixin.parseStatementContent (/Users/home/Documents/Perception_Website_Kimi/app/node_modules/@babel/parser/lib/index.js:12798:21)
      at TypeScriptParserMixin.parseStatementContent (/Users/home/Documents/Perception_Website_Kimi/app/node_modules/@babel/parser/lib/index.js:9508:18)
      at TypeScriptParserMixin.parseStatementLike (/Users/home/Documents/Perception_Website_Kimi/app/node_modules/@babel/parser/lib/index.js:12767:17)
      at TypeScriptParserMixin.parseStatementListItem (/Users/home/Documents/Perception_Website_Kimi/app/node_modules/@babel/parser/lib/index.js:12747:17)
      at TypeScriptParserMixin.parseBlockOrModuleBlockBody (/Users/home/Documents/Perception_Website_Kimi/app/node_modules/@babel/parser/lib/index.js:13316:61)
12:23:50 PM [vite] Internal server error: /Users/home/Documents/Perception_Website_Kimi/app/src/pages/services/CoolingAirflow.tsx: Unexpected token (2270:8)

  2268 |       {/* Tier summaries + Image */}
  2269 |       <Grid style={{ marginBottom: 'var(--cds-spacing-06)' }}
> 2270 |         <Column lg={8} md={4} sm={4}>
       |         ^
  2271 |           {/* Tier summaries */}
  2272 |           <div style={{ borderTop: '1px solid var(--cds-border-subtle)' }}>
  2273 |             <p className="cds--label-01" style={{ color: 'var(--cds-text-helper)', textTransform: 'uppercase', paddingTop: 'var(--cds-spacing-05)', marginBottom: 'var(--cds-spacing-03)' }}>
  Plugin: vite:react-babel
  File: /Users/home/Documents/Perception_Website_Kimi/app/src/pages/services/CoolingAirflow.tsx:2270:8
  2268 |        {/* Tier summaries + Image */}
  2269 |        <Grid style={{ marginBottom: 'var(--cds-spacing-06)' }}
  2270 |          <Column lg={8} md={4} sm={4}>
       |          ^
  2271 |            {/* Tier summaries */}
  2272 |            <div style={{ borderTop: '1px solid var(--cds-border-subtle)' }}>
      at constructor (/Users/home/Documents/Perception_Website_Kimi/app/node_modules/@babel/parser/lib/index.js:365:19)
      at TypeScriptParserMixin.raise (/Users/home/Documents/Perception_Website_Kimi/app/node_modules/@babel/parser/lib/index.js:6599:19)
      at TypeScriptParserMixin.unexpected (/Users/home/Documents/Perception_Website_Kimi/app/node_modules/@babel/parser/lib/index.js:6619:16)
      at TypeScriptParserMixin.jsxParseIdentifier (/Users/home/Documents/Perception_Website_Kimi/app/node_modules/@babel/parser/lib/index.js:4569:12)
      at TypeScriptParserMixin.jsxParseNamespacedName (/Users/home/Documents/Perception_Website_Kimi/app/node_modules/@babel/parser/lib/index.js:4576:23)
      at TypeScriptParserMixin.jsxParseAttribute (/Users/home/Documents/Perception_Website_Kimi/app/node_modules/@babel/parser/lib/index.js:4652:22)
      at TypeScriptParserMixin.jsxParseOpeningElementAfterName (/Users/home/Documents/Perception_Website_Kimi/app/node_modules/@babel/parser/lib/index.js:4667:28)
      at TypeScriptParserMixin.jsxParseOpeningElementAfterName (/Users/home/Documents/Perception_Website_Kimi/app/node_modules/@babel/parser/lib/index.js:10043:18)
      at TypeScriptParserMixin.jsxParseOpeningElementAt (/Users/home/Documents/Perception_Website_Kimi/app/node_modules/@babel/parser/lib/index.js:4662:17)
      at TypeScriptParserMixin.jsxParseElementAt (/Users/home/Documents/Perception_Website_Kimi/app/node_modules/@babel/parser/lib/index.js:4686:33)
      at TypeScriptParserMixin.jsxParseElementAt (/Users/home/Documents/Perception_Website_Kimi/app/node_modules/@babel/parser/lib/index.js:4698:32)
      at TypeScriptParserMixin.jsxParseElement (/Users/home/Documents/Perception_Website_Kimi/app/node_modules/@babel/parser/lib/index.js:4749:17)
      at TypeScriptParserMixin.parseExprAtom (/Users/home/Documents/Perception_Website_Kimi/app/node_modules/@babel/parser/lib/index.js:4759:19)
      at TypeScriptParserMixin.parseExprSubscripts (/Users/home/Documents/Perception_Website_Kimi/app/node_modules/@babel/parser/lib/index.js:11081:23)
      at TypeScriptParserMixin.parseUpdate (/Users/home/Documents/Perception_Website_Kimi/app/node_modules/@babel/parser/lib/index.js:11066:21)
      at TypeScriptParserMixin.parseMaybeUnary (/Users/home/Documents/Perception_Website_Kimi/app/node_modules/@babel/parser/lib/index.js:11046:23)
      at TypeScriptParserMixin.parseMaybeUnary (/Users/home/Documents/Perception_Website_Kimi/app/node_modules/@babel/parser/lib/index.js:9837:18)
      at TypeScriptParserMixin.parseMaybeUnaryOrPrivate (/Users/home/Documents/Perception_Website_Kimi/app/node_modules/@babel/parser/lib/index.js:10899:61)
      at TypeScriptParserMixin.parseExprOps (/Users/home/Documents/Perception_Website_Kimi/app/node_modules/@babel/parser/lib/index.js:10904:23)
      at TypeScriptParserMixin.parseMaybeConditional (/Users/home/Documents/Perception_Website_Kimi/app/node_modules/@babel/parser/lib/index.js:10881:23)
      at TypeScriptParserMixin.parseMaybeAssign (/Users/home/Documents/Perception_Website_Kimi/app/node_modules/@babel/parser/lib/index.js:10831:21)
      at /Users/home/Documents/Perception_Website_Kimi/app/node_modules/@babel/parser/lib/index.js:9775:39
      at TypeScriptParserMixin.tryParse (/Users/home/Documents/Perception_Website_Kimi/app/node_modules/@babel/parser/lib/index.js:6907:20)
      at TypeScriptParserMixin.parseMaybeAssign (/Users/home/Documents/Perception_Website_Kimi/app/node_modules/@babel/parser/lib/index.js:9775:18)
      at /Users/home/Documents/Perception_Website_Kimi/app/node_modules/@babel/parser/lib/index.js:10800:39
      at TypeScriptParserMixin.allowInAnd (/Users/home/Documents/Perception_Website_Kimi/app/node_modules/@babel/parser/lib/index.js:12426:12)
      at TypeScriptParserMixin.parseMaybeAssignAllowIn (/Users/home/Documents/Perception_Website_Kimi/app/node_modules/@babel/parser/lib/index.js:10800:17)
      at TypeScriptParserMixin.parseMaybeAssignAllowInOrVoidPattern (/Users/home/Documents/Perception_Website_Kimi/app/node_modules/@babel/parser/lib/index.js:12493:17)
      at TypeScriptParserMixin.parseParenAndDistinguishExpression (/Users/home/Documents/Perception_Website_Kimi/app/node_modules/@babel/parser/lib/index.js:11675:28)
      at TypeScriptParserMixin.parseExprAtom (/Users/home/Documents/Perception_Website_Kimi/app/node_modules/@babel/parser/lib/index.js:11331:23)
      at TypeScriptParserMixin.parseExprAtom (/Users/home/Documents/Perception_Website_Kimi/app/node_modules/@babel/parser/lib/index.js:4764:20)
      at TypeScriptParserMixin.parseExprSubscripts (/Users/home/Documents/Perception_Website_Kimi/app/node_modules/@babel/parser/lib/index.js:11081:23)
      at TypeScriptParserMixin.parseUpdate (/Users/home/Documents/Perception_Website_Kimi/app/node_modules/@babel/parser/lib/index.js:11066:21)
      at TypeScriptParserMixin.parseMaybeUnary (/Users/home/Documents/Perception_Website_Kimi/app/node_modules/@babel/parser/lib/index.js:11046:23)
      at TypeScriptParserMixin.parseMaybeUnary (/Users/home/Documents/Perception_Website_Kimi/app/node_modules/@babel/parser/lib/index.js:9837:18)
      at TypeScriptParserMixin.parseMaybeUnaryOrPrivate (/Users/home/Documents/Perception_Website_Kimi/app/node_modules/@babel/parser/lib/index.js:10899:61)
      at TypeScriptParserMixin.parseExprOps (/Users/home/Documents/Perception_Website_Kimi/app/node_modules/@babel/parser/lib/index.js:10904:23)
      at TypeScriptParserMixin.parseMaybeConditional (/Users/home/Documents/Perception_Website_Kimi/app/node_modules/@babel/parser/lib/index.js:10881:23)
      at TypeScriptParserMixin.parseMaybeAssign (/Users/home/Documents/Perception_Website_Kimi/app/node_modules/@babel/parser/lib/index.js:10831:21)
      at TypeScriptParserMixin.parseMaybeAssign (/Users/home/Documents/Perception_Website_Kimi/app/node_modules/@babel/parser/lib/index.js:9786:20)
      at TypeScriptParserMixin.parseExpressionBase (/Users/home/Documents/Perception_Website_Kimi/app/node_modules/@babel/parser/lib/index.js:10784:23)
      at /Users/home/Documents/Perception_Website_Kimi/app/node_modules/@babel/parser/lib/index.js:10780:39
      at TypeScriptParserMixin.allowInAnd (/Users/home/Documents/Perception_Website_Kimi/app/node_modules/@babel/parser/lib/index.js:12421:16)
      at TypeScriptParserMixin.parseExpression (/Users/home/Documents/Perception_Website_Kimi/app/node_modules/@babel/parser/lib/index.js:10780:17)
      at TypeScriptParserMixin.parseReturnStatement (/Users/home/Documents/Perception_Website_Kimi/app/node_modules/@babel/parser/lib/index.js:13142:28)
      at TypeScriptParserMixin.parseStatementContent (/Users/home/Documents/Perception_Website_Kimi/app/node_modules/@babel/parser/lib/index.js:12798:21)
      at TypeScriptParserMixin.parseStatementContent (/Users/home/Documents/Perception_Website_Kimi/app/node_modules/@babel/parser/lib/index.js:9508:18)
      at TypeScriptParserMixin.parseStatementLike (/Users/home/Documents/Perception_Website_Kimi/app/node_modules/@babel/parser/lib/index.js:12767:17)
      at TypeScriptParserMixin.parseStatementListItem (/Users/home/Documents/Perception_Website_Kimi/app/node_modules/@babel/parser/lib/index.js:12747:17)
      at TypeScriptParserMixin.parseBlockOrModuleBlockBody (/Users/home/Documents/Perception_Website_Kimi/app/node_modules/@babel/parser/lib/index.js:13316:61)
12:23:51 PM [vite] Internal server error: /Users/home/Documents/Perception_Website_Kimi/app/src/pages/services/CoolingAirflow.tsx: Unexpected token (2270:8)

  2268 |       {/* Tier summaries + Image */}
  2269 |       <Grid style={{ marginBottom: 'var(--cds-spacing-06)' }}
> 2270 |         <Column lg={8} md={4} sm={4}>
       |         ^
  2271 |           {/* Tier summaries */}
  2272 |           <div style={{ borderTop: '1px solid var(--cds-border-subtle)' }}>
  2273 |             <p className="cds--label-01" style={{ color: 'var(--cds-text-helper)', textTransform: 'uppercase', paddingTop: 'var(--cds-spacing-05)', marginBottom: 'var(--cds-spacing-03)' }}>
  Plugin: vite:react-babel
  File: /Users/home/Documents/Perception_Website_Kimi/app/src/pages/services/CoolingAirflow.tsx:2270:8
  2268 |        {/* Tier summaries + Image */}
  2269 |        <Grid style={{ marginBottom: 'var(--cds-spacing-06)' }}
  2270 |          <Column lg={8} md={4} sm={4}>
       |          ^
  2271 |            {/* Tier summaries */}
  2272 |            <div style={{ borderTop: '1px solid var(--cds-border-subtle)' }}>
      at constructor (/Users/home/Documents/Perception_Website_Kimi/app/node_modules/@babel/parser/lib/index.js:365:19)
      at TypeScriptParserMixin.raise (/Users/home/Documents/Perception_Website_Kimi/app/node_modules/@babel/parser/lib/index.js:6599:19)
      at TypeScriptParserMixin.unexpected (/Users/home/Documents/Perception_Website_Kimi/app/node_modules/@babel/parser/lib/index.js:6619:16)
      at TypeScriptParserMixin.jsxParseIdentifier (/Users/home/Documents/Perception_Website_Kimi/app/node_modules/@babel/parser/lib/index.js:4569:12)
      at TypeScriptParserMixin.jsxParseNamespacedName (/Users/home/Documents/Perception_Website_Kimi/app/node_modules/@babel/parser/lib/index.js:4576:23)
      at TypeScriptParserMixin.jsxParseAttribute (/Users/home/Documents/Perception_Website_Kimi/app/node_modules/@babel/parser/lib/index.js:4652:22)
      at TypeScriptParserMixin.jsxParseOpeningElementAfterName (/Users/home/Documents/Perception_Website_Kimi/app/node_modules/@babel/parser/lib/index.js:4667:28)
      at TypeScriptParserMixin.jsxParseOpeningElementAfterName (/Users/home/Documents/Perception_Website_Kimi/app/node_modules/@babel/parser/lib/index.js:10043:18)
      at TypeScriptParserMixin.jsxParseOpeningElementAt (/Users/home/Documents/Perception_Website_Kimi/app/node_modules/@babel/parser/lib/index.js:4662:17)
      at TypeScriptParserMixin.jsxParseElementAt (/Users/home/Documents/Perception_Website_Kimi/app/node_modules/@babel/parser/lib/index.js:4686:33)
      at TypeScriptParserMixin.jsxParseElementAt (/Users/home/Documents/Perception_Website_Kimi/app/node_modules/@babel/parser/lib/index.js:4698:32)
      at TypeScriptParserMixin.jsxParseElement (/Users/home/Documents/Perception_Website_Kimi/app/node_modules/@babel/parser/lib/index.js:4749:17)
      at TypeScriptParserMixin.parseExprAtom (/Users/home/Documents/Perception_Website_Kimi/app/node_modules/@babel/parser/lib/index.js:4759:19)
      at TypeScriptParserMixin.parseExprSubscripts (/Users/home/Documents/Perception_Website_Kimi/app/node_modules/@babel/parser/lib/index.js:11081:23)
      at TypeScriptParserMixin.parseUpdate (/Users/home/Documents/Perception_Website_Kimi/app/node_modules/@babel/parser/lib/index.js:11066:21)
      at TypeScriptParserMixin.parseMaybeUnary (/Users/home/Documents/Perception_Website_Kimi/app/node_modules/@babel/parser/lib/index.js:11046:23)
      at TypeScriptParserMixin.parseMaybeUnary (/Users/home/Documents/Perception_Website_Kimi/app/node_modules/@babel/parser/lib/index.js:9837:18)
      at TypeScriptParserMixin.parseMaybeUnaryOrPrivate (/Users/home/Documents/Perception_Website_Kimi/app/node_modules/@babel/parser/lib/index.js:10899:61)
      at TypeScriptParserMixin.parseExprOps (/Users/home/Documents/Perception_Website_Kimi/app/node_modules/@babel/parser/lib/index.js:10904:23)
      at TypeScriptParserMixin.parseMaybeConditional (/Users/home/Documents/Perception_Website_Kimi/app/node_modules/@babel/parser/lib/index.js:10881:23)
      at TypeScriptParserMixin.parseMaybeAssign (/Users/home/Documents/Perception_Website_Kimi/app/node_modules/@babel/parser/lib/index.js:10831:21)
      at /Users/home/Documents/Perception_Website_Kimi/app/node_modules/@babel/parser/lib/index.js:9775:39
      at TypeScriptParserMixin.tryParse (/Users/home/Documents/Perception_Website_Kimi/app/node_modules/@babel/parser/lib/index.js:6907:20)
      at TypeScriptParserMixin.parseMaybeAssign (/Users/home/Documents/Perception_Website_Kimi/app/node_modules/@babel/parser/lib/index.js:9775:18)
      at /Users/home/Documents/Perception_Website_Kimi/app/node_modules/@babel/parser/lib/index.js:10800:39
      at TypeScriptParserMixin.allowInAnd (/Users/home/Documents/Perception_Website_Kimi/app/node_modules/@babel/parser/lib/index.js:12426:12)
      at TypeScriptParserMixin.parseMaybeAssignAllowIn (/Users/home/Documents/Perception_Website_Kimi/app/node_modules/@babel/parser/lib/index.js:10800:17)
      at TypeScriptParserMixin.parseMaybeAssignAllowInOrVoidPattern (/Users/home/Documents/Perception_Website_Kimi/app/node_modules/@babel/parser/lib/index.js:12493:17)
      at TypeScriptParserMixin.parseParenAndDistinguishExpression (/Users/home/Documents/Perception_Website_Kimi/app/node_modules/@babel/parser/lib/index.js:11675:28)
      at TypeScriptParserMixin.parseExprAtom (/Users/home/Documents/Perception_Website_Kimi/app/node_modules/@babel/parser/lib/index.js:11331:23)
      at TypeScriptParserMixin.parseExprAtom (/Users/home/Documents/Perception_Website_Kimi/app/node_modules/@babel/parser/lib/index.js:4764:20)
      at TypeScriptParserMixin.parseExprSubscripts (/Users/home/Documents/Perception_Website_Kimi/app/node_modules/@babel/parser/lib/index.js:11081:23)
      at TypeScriptParserMixin.parseUpdate (/Users/home/Documents/Perception_Website_Kimi/app/node_modules/@babel/parser/lib/index.js:11066:21)
      at TypeScriptParserMixin.parseMaybeUnary (/Users/home/Documents/Perception_Website_Kimi/app/node_modules/@babel/parser/lib/index.js:11046:23)
      at TypeScriptParserMixin.parseMaybeUnary (/Users/home/Documents/Perception_Website_Kimi/app/node_modules/@babel/parser/lib/index.js:9837:18)
      at TypeScriptParserMixin.parseMaybeUnaryOrPrivate (/Users/home/Documents/Perception_Website_Kimi/app/node_modules/@babel/parser/lib/index.js:10899:61)
      at TypeScriptParserMixin.parseExprOps (/Users/home/Documents/Perception_Website_Kimi/app/node_modules/@babel/parser/lib/index.js:10904:23)
      at TypeScriptParserMixin.parseMaybeConditional (/Users/home/Documents/Perception_Website_Kimi/app/node_modules/@babel/parser/lib/index.js:10881:23)
      at TypeScriptParserMixin.parseMaybeAssign (/Users/home/Documents/Perception_Website_Kimi/app/node_modules/@babel/parser/lib/index.js:10831:21)
      at TypeScriptParserMixin.parseMaybeAssign (/Users/home/Documents/Perception_Website_Kimi/app/node_modules/@babel/parser/lib/index.js:9786:20)
      at TypeScriptParserMixin.parseExpressionBase (/Users/home/Documents/Perception_Website_Kimi/app/node_modules/@babel/parser/lib/index.js:10784:23)
      at /Users/home/Documents/Perception_Website_Kimi/app/node_modules/@babel/parser/lib/index.js:10780:39
      at TypeScriptParserMixin.allowInAnd (/Users/home/Documents/Perception_Website_Kimi/app/node_modules/@babel/parser/lib/index.js:12421:16)
      at TypeScriptParserMixin.parseExpression (/Users/home/Documents/Perception_Website_Kimi/app/node_modules/@babel/parser/lib/index.js:10780:17)
      at TypeScriptParserMixin.parseReturnStatement (/Users/home/Documents/Perception_Website_Kimi/app/node_modules/@babel/parser/lib/index.js:13142:28)
      at TypeScriptParserMixin.parseStatementContent (/Users/home/Documents/Perception_Website_Kimi/app/node_modules/@babel/parser/lib/index.js:12798:21)
      at TypeScriptParserMixin.parseStatementContent (/Users/home/Documents/Perception_Website_Kimi/app/node_modules/@babel/parser/lib/index.js:9508:18)
      at TypeScriptParserMixin.parseStatementLike (/Users/home/Documents/Perception_Website_Kimi/app/node_modules/@babel/parser/lib/index.js:12767:17)
      at TypeScriptParserMixin.parseStatementListItem (/Users/home/Documents/Perception_Website_Kimi/app/node_modules/@babel/parser/lib/index.js:12747:17)
      at TypeScriptParserMixin.parseBlockOrModuleBlockBody (/Users/home/Documents/Perception_Website_Kimi/app/node_modules/@babel/parser/lib/index.js:13316:61)
12:24:51 PM [vite] (client) hmr update /src/pages/services/CoolingAirflow.tsx, /src/index.css
12:39:00 PM [vite] (client) hmr update /src/pages/services/CoolingAirflow.tsx, /src/index.css
12:39:03 PM [vite] (client) hmr update /src/pages/services/CoolingAirflow.tsx, /src/index.css
12:39:14 PM [vite] (client) hmr update /src/pages/services/CoolingAirflow.tsx, /src/index.css
12:39:20 PM [vite] (client) hmr update /src/pages/services/CoolingAirflow.tsx, /src/index.css
12:39:24 PM [vite] (client) hmr update /src/pages/services/CoolingAirflow.tsx, /src/index.css
12:45:37 PM [vite] (client) hmr update /src/pages/services/CoolingAirflow.tsx, /src/index.css
12:50:24 PM [vite] (client) hmr update /src/pages/services/CoolingAirflow.tsx, /src/index.css
1:01:22 PM [vite] (client) hmr update /src/pages/services/CoolingAirflow.tsx, /src/index.css
1:03:06 PM [vite] (client) hmr update /src/pages/services/CoolingAirflow.tsx, /src/index.css
1:08:57 PM [vite] (client) hmr update /src/pages/services/CoolingAirflow.tsx, /src/index.css
1:27:37 PM [vite] (client) hmr update /src/pages/services/CoolingAirflow.tsx, /src/index.css
1:30:10 PM [vite] (client) hmr update /src/pages/services/CoolingAirflow.tsx, /src/index.css
1:32:46 PM [vite] (client) hmr update /src/pages/services/CoolingAirflow.tsx, /src/index.css
1:33:27 PM [vite] (client) hmr update /src/pages/services/CoolingAirflow.tsx, /src/index.css
1:34:08 PM [vite] (client) hmr update /src/pages/services/CoolingAirflow.tsx, /src/index.css
1:36:18 PM [vite] (client) hmr update /src/pages/services/CoolingAirflow.tsx, /src/index.css
1:37:41 PM [vite] (client) hmr update /src/pages/services/CoolingAirflow.tsx, /src/index.css
1:38:52 PM [vite] (client) hmr update /src/pages/services/CoolingAirflow.tsx, /src/index.css
1:52:33 PM [vite] (client) hmr update /src/pages/services/CoolingAirflow.tsx, /src/index.css
1:55:03 PM [vite] (client) hmr update /src/pages/services/CoolingAirflow.tsx, /src/index.css
2:01:18 PM [vite] (client) hmr update /src/pages/services/CoolingAirflow.tsx, /src/index.css
2:01:40 PM [vite] (client) hmr update /src/pages/services/CoolingAirflow.tsx, /src/index.css
2:01:54 PM [vite] (client) hmr update /src/pages/services/CoolingAirflow.tsx, /src/index.css
2:02:15 PM [vite] (client) hmr update /src/pages/services/CoolingAirflow.tsx, /src/index.css
2:10:30 PM [vite] (client) hmr update /src/pages/services/CoolingAirflow.tsx, /src/index.css
2:12:17 PM [vite] (client) hmr update /src/pages/services/CoolingAirflow.tsx, /src/index.css
2:14:24 PM [vite] (client) hmr update /src/pages/services/CoolingAirflow.tsx, /src/index.css
2:16:48 PM [vite] (client) hmr update /src/pages/services/CoolingAirflow.tsx, /src/index.css
2:20:41 PM [vite] (client) hmr update /src/pages/services/CoolingAirflow.tsx, /src/index.css
2:23:19 PM [vite] (client) hmr update /src/pages/services/CoolingAirflow.tsx, /src/index.css
2:32:09 PM [vite] (client) hmr update /src/pages/services/CoolingAirflow.tsx, /src/index.css
2:34:26 PM [vite] (client) hmr update /src/pages/services/CoolingAirflow.tsx, /src/index.css
2:37:46 PM [vite] (client) hmr update /src/pages/services/CoolingAirflow.tsx, /src/index.css
2:41:30 PM [vite] (client) hmr update /src/pages/services/CoolingAirflow.tsx, /src/index.css
2:52:37 PM [vite] (client) hmr update /src/pages/services/CoolingAirflow.tsx, /src/index.css
3:02:44 PM [vite] (client) hmr update /src/pages/services/CoolingAirflow.tsx, /src/index.css
3:30:20 PM [vite] (client) hmr update /src/pages/services/CoolingAirflow.tsx, /src/index.css
3:39:26 PM [vite] (client) hmr update /src/pages/services/CoolingAirflow.tsx, /src/index.css
4:40:21 PM [vite] (client) hmr update /src/pages/services/CoolingAirflow.tsx, /src/index.css
4:43:14 PM [vite] (client) hmr update /src/pages/services/CoolingAirflow.tsx, /src/index.css
4:49:52 PM [vite] (client) hmr update /src/pages/services/CoolingAirflow.tsx, /src/index.css
4:54:46 PM [vite] (client) hmr update /src/pages/services/CoolingAirflow.tsx, /src/index.css
5:02:34 PM [vite] (client) hmr update /src/pages/services/CoolingAirflow.tsx, /src/index.css
5:05:49 PM [vite] (client) hmr update /src/pages/services/CoolingAirflow.tsx, /src/index.css
5:10:10 PM [vite] (client) hmr update /src/pages/services/CoolingAirflow.tsx, /src/index.css
5:15:23 PM [vite] (client) hmr update /src/pages/services/CoolingAirflow.tsx, /src/index.css
5:17:05 PM [vite] (client) hmr update /src/pages/services/CoolingAirflow.tsx, /src/index.css
5:19:53 PM [vite] (client) hmr update /src/pages/services/CoolingAirflow.tsx, /src/index.css
5:32:53 PM [vite] (client) hmr update /src/pages/services/CoolingAirflow.tsx, /src/index.css
5:36:41 PM [vite] (client) hmr update /src/pages/services/CoolingAirflow.tsx, /src/index.css
5:40:52 PM [vite] (client) hmr update /src/pages/services/CoolingAirflow.tsx, /src/index.css
5:45:10 PM [vite] (client) hmr update /src/pages/services/CoolingAirflow.tsx, /src/index.css
5:48:49 PM [vite] (client) hmr update /src/pages/services/CoolingAirflow.tsx, /src/index.css
5:50:41 PM [vite] (client) hmr update /src/pages/services/CoolingAirflow.tsx, /src/index.css
5:51:51 PM [vite] (client) hmr update /src/pages/services/CoolingAirflow.tsx, /src/index.css
5:53:42 PM [vite] (client) hmr update /src/pages/services/CoolingAirflow.tsx, /src/index.css
6:53:45 PM [vite] (client) hmr update /src/pages/services/CoolingAirflow.tsx, /src/index.css
7:02:31 PM [vite] (client) hmr update /src/pages/services/CoolingAirflow.tsx, /src/index.css
7:12:49 PM [vite] (client) hmr update /src/pages/services/CoolingAirflow.tsx, /src/index.css
7:47:32 PM [vite] (client) hmr update /src/styles/carbon.scss
7:47:42 PM [vite] (client) hmr update /src/pages/services/CoolingAirflow.tsx, /src/index.css
7:51:33 PM [vite] (client) hmr update /src/pages/services/CoolingAirflow.tsx, /src/index.css
7:52:34 PM [vite] (client) hmr update /src/pages/services/CoolingAirflow.tsx, /src/index.css
7:55:28 PM [vite] (client) hmr update /src/pages/services/CoolingAirflow.tsx, /src/index.css
7:59:51 PM [vite] (client) hmr update /src/pages/services/CoolingAirflow.tsx, /src/index.css
7:59:51 PM [vite] Internal server error: /Users/home/Documents/Perception_Website_Kimi/app/src/pages/services/CoolingAirflow.tsx: 'import' and 'export' may only appear at the top level. (3734:0)

  3732 | };
  3733 |
> 3734 | export default CoolingAirflow;
       | ^
  3735 |
  Plugin: vite:react-babel
  File: /Users/home/Documents/Perception_Website_Kimi/app/src/pages/services/CoolingAirflow.tsx:3734:0
  3732 |  };
  3733 |  
  3734 |  export default CoolingAirflow;
       |  ^
  3735 |  
      at constructor (/Users/home/Documents/Perception_Website_Kimi/app/node_modules/@babel/parser/lib/index.js:365:19)
      at TypeScriptParserMixin.raise (/Users/home/Documents/Perception_Website_Kimi/app/node_modules/@babel/parser/lib/index.js:6599:19)
      at TypeScriptParserMixin.parseStatementContent (/Users/home/Documents/Perception_Website_Kimi/app/node_modules/@babel/parser/lib/index.js:12871:18)
      at TypeScriptParserMixin.parseStatementContent (/Users/home/Documents/Perception_Website_Kimi/app/node_modules/@babel/parser/lib/index.js:9508:18)
      at TypeScriptParserMixin.parseStatementLike (/Users/home/Documents/Perception_Website_Kimi/app/node_modules/@babel/parser/lib/index.js:12767:17)
      at TypeScriptParserMixin.parseStatementListItem (/Users/home/Documents/Perception_Website_Kimi/app/node_modules/@babel/parser/lib/index.js:12747:17)
      at TypeScriptParserMixin.parseBlockOrModuleBlockBody (/Users/home/Documents/Perception_Website_Kimi/app/node_modules/@babel/parser/lib/index.js:13316:61)
      at TypeScriptParserMixin.parseBlockBody (/Users/home/Documents/Perception_Website_Kimi/app/node_modules/@babel/parser/lib/index.js:13309:10)
      at TypeScriptParserMixin.parseBlock (/Users/home/Documents/Perception_Website_Kimi/app/node_modules/@babel/parser/lib/index.js:13297:10)
      at TypeScriptParserMixin.parseFunctionBody (/Users/home/Documents/Perception_Website_Kimi/app/node_modules/@babel/parser/lib/index.js:12100:24)
      at TypeScriptParserMixin.parseArrowExpression (/Users/home/Documents/Perception_Website_Kimi/app/node_modules/@babel/parser/lib/index.js:12075:10)
      at TypeScriptParserMixin.parseParenAndDistinguishExpression (/Users/home/Documents/Perception_Website_Kimi/app/node_modules/@babel/parser/lib/index.js:11687:12)
      at TypeScriptParserMixin.parseExprAtom (/Users/home/Documents/Perception_Website_Kimi/app/node_modules/@babel/parser/lib/index.js:11331:23)
      at TypeScriptParserMixin.parseExprAtom (/Users/home/Documents/Perception_Website_Kimi/app/node_modules/@babel/parser/lib/index.js:4764:20)
      at TypeScriptParserMixin.parseExprSubscripts (/Users/home/Documents/Perception_Website_Kimi/app/node_modules/@babel/parser/lib/index.js:11081:23)
      at TypeScriptParserMixin.parseUpdate (/Users/home/Documents/Perception_Website_Kimi/app/node_modules/@babel/parser/lib/index.js:11066:21)
      at TypeScriptParserMixin.parseMaybeUnary (/Users/home/Documents/Perception_Website_Kimi/app/node_modules/@babel/parser/lib/index.js:11046:23)
      at TypeScriptParserMixin.parseMaybeUnary (/Users/home/Documents/Perception_Website_Kimi/app/node_modules/@babel/parser/lib/index.js:9837:18)
      at TypeScriptParserMixin.parseMaybeUnaryOrPrivate (/Users/home/Documents/Perception_Website_Kimi/app/node_modules/@babel/parser/lib/index.js:10899:61)
      at TypeScriptParserMixin.parseExprOps (/Users/home/Documents/Perception_Website_Kimi/app/node_modules/@babel/parser/lib/index.js:10904:23)
      at TypeScriptParserMixin.parseMaybeConditional (/Users/home/Documents/Perception_Website_Kimi/app/node_modules/@babel/parser/lib/index.js:10881:23)
      at TypeScriptParserMixin.parseMaybeAssign (/Users/home/Documents/Perception_Website_Kimi/app/node_modules/@babel/parser/lib/index.js:10831:21)
      at TypeScriptParserMixin.parseMaybeAssign (/Users/home/Documents/Perception_Website_Kimi/app/node_modules/@babel/parser/lib/index.js:9786:20)
      at /Users/home/Documents/Perception_Website_Kimi/app/node_modules/@babel/parser/lib/index.js:10800:39
      at TypeScriptParserMixin.allowInAnd (/Users/home/Documents/Perception_Website_Kimi/app/node_modules/@babel/parser/lib/index.js:12421:16)
      at TypeScriptParserMixin.parseMaybeAssignAllowIn (/Users/home/Documents/Perception_Website_Kimi/app/node_modules/@babel/parser/lib/index.js:10800:17)
      at TypeScriptParserMixin.parseVar (/Users/home/Documents/Perception_Website_Kimi/app/node_modules/@babel/parser/lib/index.js:13384:91)
      at TypeScriptParserMixin.parseVarStatement (/Users/home/Documents/Perception_Website_Kimi/app/node_modules/@babel/parser/lib/index.js:13230:10)
      at TypeScriptParserMixin.parseVarStatement (/Users/home/Documents/Perception_Website_Kimi/app/node_modules/@babel/parser/lib/index.js:9408:31)
      at TypeScriptParserMixin.parseStatementContent (/Users/home/Documents/Perception_Website_Kimi/app/node_modules/@babel/parser/lib/index.js:12851:23)
      at TypeScriptParserMixin.parseStatementContent (/Users/home/Documents/Perception_Website_Kimi/app/node_modules/@babel/parser/lib/index.js:9508:18)
      at TypeScriptParserMixin.parseStatementLike (/Users/home/Documents/Perception_Website_Kimi/app/node_modules/@babel/parser/lib/index.js:12767:17)
      at TypeScriptParserMixin.parseModuleItem (/Users/home/Documents/Perception_Website_Kimi/app/node_modules/@babel/parser/lib/index.js:12744:17)
      at TypeScriptParserMixin.parseBlockOrModuleBlockBody (/Users/home/Documents/Perception_Website_Kimi/app/node_modules/@babel/parser/lib/index.js:13316:36)
      at TypeScriptParserMixin.parseBlockBody (/Users/home/Documents/Perception_Website_Kimi/app/node_modules/@babel/parser/lib/index.js:13309:10)
      at TypeScriptParserMixin.parseProgram (/Users/home/Documents/Perception_Website_Kimi/app/node_modules/@babel/parser/lib/index.js:12622:10)
      at TypeScriptParserMixin.parseTopLevel (/Users/home/Documents/Perception_Website_Kimi/app/node_modules/@babel/parser/lib/index.js:12612:25)
      at TypeScriptParserMixin.parse (/Users/home/Documents/Perception_Website_Kimi/app/node_modules/@babel/parser/lib/index.js:14488:25)
      at TypeScriptParserMixin.parse (/Users/home/Documents/Perception_Website_Kimi/app/node_modules/@babel/parser/lib/index.js:10126:18)
      at parse (/Users/home/Documents/Perception_Website_Kimi/app/node_modules/@babel/parser/lib/index.js:14522:38)
      at parser (/Users/home/Documents/Perception_Website_Kimi/app/node_modules/@babel/core/lib/parser/index.js:41:34)
      at parser.next (<anonymous>)
      at normalizeFile (/Users/home/Documents/Perception_Website_Kimi/app/node_modules/@babel/core/lib/transformation/normalize-file.js:64:37)
      at normalizeFile.next (<anonymous>)
      at run (/Users/home/Documents/Perception_Website_Kimi/app/node_modules/@babel/core/lib/transformation/index.js:22:50)
      at run.next (<anonymous>)
      at transform (/Users/home/Documents/Perception_Website_Kimi/app/node_modules/@babel/core/lib/transform.js:22:33)
      at transform.next (<anonymous>)
      at step (/Users/home/Documents/Perception_Website_Kimi/app/node_modules/gensync/index.js:261:32)
      at /Users/home/Documents/Perception_Website_Kimi/app/node_modules/gensync/index.js:273:13
7:59:51 PM [vite] Internal server error: /Users/home/Documents/Perception_Website_Kimi/app/src/pages/services/CoolingAirflow.tsx: 'import' and 'export' may only appear at the top level. (3734:0)

  3732 | };
  3733 |
> 3734 | export default CoolingAirflow;
       | ^
  3735 |
  Plugin: vite:react-babel
  File: /Users/home/Documents/Perception_Website_Kimi/app/src/pages/services/CoolingAirflow.tsx:3734:0
  3732 |  };
  3733 |  
  3734 |  export default CoolingAirflow;
       |  ^
  3735 |  
      at constructor (/Users/home/Documents/Perception_Website_Kimi/app/node_modules/@babel/parser/lib/index.js:365:19)
      at TypeScriptParserMixin.raise (/Users/home/Documents/Perception_Website_Kimi/app/node_modules/@babel/parser/lib/index.js:6599:19)
      at TypeScriptParserMixin.parseStatementContent (/Users/home/Documents/Perception_Website_Kimi/app/node_modules/@babel/parser/lib/index.js:12871:18)
      at TypeScriptParserMixin.parseStatementContent (/Users/home/Documents/Perception_Website_Kimi/app/node_modules/@babel/parser/lib/index.js:9508:18)
      at TypeScriptParserMixin.parseStatementLike (/Users/home/Documents/Perception_Website_Kimi/app/node_modules/@babel/parser/lib/index.js:12767:17)
      at TypeScriptParserMixin.parseStatementListItem (/Users/home/Documents/Perception_Website_Kimi/app/node_modules/@babel/parser/lib/index.js:12747:17)
      at TypeScriptParserMixin.parseBlockOrModuleBlockBody (/Users/home/Documents/Perception_Website_Kimi/app/node_modules/@babel/parser/lib/index.js:13316:61)
      at TypeScriptParserMixin.parseBlockBody (/Users/home/Documents/Perception_Website_Kimi/app/node_modules/@babel/parser/lib/index.js:13309:10)
      at TypeScriptParserMixin.parseBlock (/Users/home/Documents/Perception_Website_Kimi/app/node_modules/@babel/parser/lib/index.js:13297:10)
      at TypeScriptParserMixin.parseFunctionBody (/Users/home/Documents/Perception_Website_Kimi/app/node_modules/@babel/parser/lib/index.js:12100:24)
      at TypeScriptParserMixin.parseArrowExpression (/Users/home/Documents/Perception_Website_Kimi/app/node_modules/@babel/parser/lib/index.js:12075:10)
      at TypeScriptParserMixin.parseParenAndDistinguishExpression (/Users/home/Documents/Perception_Website_Kimi/app/node_modules/@babel/parser/lib/index.js:11687:12)
      at TypeScriptParserMixin.parseExprAtom (/Users/home/Documents/Perception_Website_Kimi/app/node_modules/@babel/parser/lib/index.js:11331:23)
      at TypeScriptParserMixin.parseExprAtom (/Users/home/Documents/Perception_Website_Kimi/app/node_modules/@babel/parser/lib/index.js:4764:20)
      at TypeScriptParserMixin.parseExprSubscripts (/Users/home/Documents/Perception_Website_Kimi/app/node_modules/@babel/parser/lib/index.js:11081:23)
      at TypeScriptParserMixin.parseUpdate (/Users/home/Documents/Perception_Website_Kimi/app/node_modules/@babel/parser/lib/index.js:11066:21)
      at TypeScriptParserMixin.parseMaybeUnary (/Users/home/Documents/Perception_Website_Kimi/app/node_modules/@babel/parser/lib/index.js:11046:23)
      at TypeScriptParserMixin.parseMaybeUnary (/Users/home/Documents/Perception_Website_Kimi/app/node_modules/@babel/parser/lib/index.js:9837:18)
      at TypeScriptParserMixin.parseMaybeUnaryOrPrivate (/Users/home/Documents/Perception_Website_Kimi/app/node_modules/@babel/parser/lib/index.js:10899:61)
      at TypeScriptParserMixin.parseExprOps (/Users/home/Documents/Perception_Website_Kimi/app/node_modules/@babel/parser/lib/index.js:10904:23)
      at TypeScriptParserMixin.parseMaybeConditional (/Users/home/Documents/Perception_Website_Kimi/app/node_modules/@babel/parser/lib/index.js:10881:23)
      at TypeScriptParserMixin.parseMaybeAssign (/Users/home/Documents/Perception_Website_Kimi/app/node_modules/@babel/parser/lib/index.js:10831:21)
      at TypeScriptParserMixin.parseMaybeAssign (/Users/home/Documents/Perception_Website_Kimi/app/node_modules/@babel/parser/lib/index.js:9786:20)
      at /Users/home/Documents/Perception_Website_Kimi/app/node_modules/@babel/parser/lib/index.js:10800:39
      at TypeScriptParserMixin.allowInAnd (/Users/home/Documents/Perception_Website_Kimi/app/node_modules/@babel/parser/lib/index.js:12421:16)
      at TypeScriptParserMixin.parseMaybeAssignAllowIn (/Users/home/Documents/Perception_Website_Kimi/app/node_modules/@babel/parser/lib/index.js:10800:17)
      at TypeScriptParserMixin.parseVar (/Users/home/Documents/Perception_Website_Kimi/app/node_modules/@babel/parser/lib/index.js:13384:91)
      at TypeScriptParserMixin.parseVarStatement (/Users/home/Documents/Perception_Website_Kimi/app/node_modules/@babel/parser/lib/index.js:13230:10)
      at TypeScriptParserMixin.parseVarStatement (/Users/home/Documents/Perception_Website_Kimi/app/node_modules/@babel/parser/lib/index.js:9408:31)
      at TypeScriptParserMixin.parseStatementContent (/Users/home/Documents/Perception_Website_Kimi/app/node_modules/@babel/parser/lib/index.js:12851:23)
      at TypeScriptParserMixin.parseStatementContent (/Users/home/Documents/Perception_Website_Kimi/app/node_modules/@babel/parser/lib/index.js:9508:18)
      at TypeScriptParserMixin.parseStatementLike (/Users/home/Documents/Perception_Website_Kimi/app/node_modules/@babel/parser/lib/index.js:12767:17)
      at TypeScriptParserMixin.parseModuleItem (/Users/home/Documents/Perception_Website_Kimi/app/node_modules/@babel/parser/lib/index.js:12744:17)
      at TypeScriptParserMixin.parseBlockOrModuleBlockBody (/Users/home/Documents/Perception_Website_Kimi/app/node_modules/@babel/parser/lib/index.js:13316:36)
      at TypeScriptParserMixin.parseBlockBody (/Users/home/Documents/Perception_Website_Kimi/app/node_modules/@babel/parser/lib/index.js:13309:10)
      at TypeScriptParserMixin.parseProgram (/Users/home/Documents/Perception_Website_Kimi/app/node_modules/@babel/parser/lib/index.js:12622:10)
      at TypeScriptParserMixin.parseTopLevel (/Users/home/Documents/Perception_Website_Kimi/app/node_modules/@babel/parser/lib/index.js:12612:25)
      at TypeScriptParserMixin.parse (/Users/home/Documents/Perception_Website_Kimi/app/node_modules/@babel/parser/lib/index.js:14488:25)
      at TypeScriptParserMixin.parse (/Users/home/Documents/Perception_Website_Kimi/app/node_modules/@babel/parser/lib/index.js:10126:18)
      at parse (/Users/home/Documents/Perception_Website_Kimi/app/node_modules/@babel/parser/lib/index.js:14522:38)
      at parser (/Users/home/Documents/Perception_Website_Kimi/app/node_modules/@babel/core/lib/parser/index.js:41:34)
      at parser.next (<anonymous>)
      at normalizeFile (/Users/home/Documents/Perception_Website_Kimi/app/node_modules/@babel/core/lib/transformation/normalize-file.js:64:37)
      at normalizeFile.next (<anonymous>)
      at run (/Users/home/Documents/Perception_Website_Kimi/app/node_modules/@babel/core/lib/transformation/index.js:22:50)
      at run.next (<anonymous>)
      at transform (/Users/home/Documents/Perception_Website_Kimi/app/node_modules/@babel/core/lib/transform.js:22:33)
      at transform.next (<anonymous>)
      at step (/Users/home/Documents/Perception_Website_Kimi/app/node_modules/gensync/index.js:261:32)
      at /Users/home/Documents/Perception_Website_Kimi/app/node_modules/gensync/index.js:273:13
8:01:39 PM [vite] (client) Pre-transform error: /Users/home/Documents/Perception_Website_Kimi/app/src/pages/services/CoolingAirflow.tsx: 'import' and 'export' may only appear at the top level. (3734:0)

  3732 | };
  3733 |
> 3734 | export default CoolingAirflow;
       | ^
  3735 |
  Plugin: vite:react-babel
  File: /Users/home/Documents/Perception_Website_Kimi/app/src/pages/services/CoolingAirflow.tsx:3734:0
  3732 |  };
  3733 |  
  3734 |  export default CoolingAirflow;
       |  ^
  3735 |  
8:01:39 PM [vite] Internal server error: /Users/home/Documents/Perception_Website_Kimi/app/src/pages/services/CoolingAirflow.tsx: 'import' and 'export' may only appear at the top level. (3734:0)

  3732 | };
  3733 |
> 3734 | export default CoolingAirflow;
       | ^
  3735 |
  Plugin: vite:react-babel
  File: /Users/home/Documents/Perception_Website_Kimi/app/src/pages/services/CoolingAirflow.tsx:3734:0
  3732 |  };
  3733 |  
  3734 |  export default CoolingAirflow;
       |  ^
  3735 |  
      at constructor (/Users/home/Documents/Perception_Website_Kimi/app/node_modules/@babel/parser/lib/index.js:365:19)
      at TypeScriptParserMixin.raise (/Users/home/Documents/Perception_Website_Kimi/app/node_modules/@babel/parser/lib/index.js:6599:19)
      at TypeScriptParserMixin.parseStatementContent (/Users/home/Documents/Perception_Website_Kimi/app/node_modules/@babel/parser/lib/index.js:12871:18)
      at TypeScriptParserMixin.parseStatementContent (/Users/home/Documents/Perception_Website_Kimi/app/node_modules/@babel/parser/lib/index.js:9508:18)
      at TypeScriptParserMixin.parseStatementLike (/Users/home/Documents/Perception_Website_Kimi/app/node_modules/@babel/parser/lib/index.js:12767:17)
      at TypeScriptParserMixin.parseStatementListItem (/Users/home/Documents/Perception_Website_Kimi/app/node_modules/@babel/parser/lib/index.js:12747:17)
      at TypeScriptParserMixin.parseBlockOrModuleBlockBody (/Users/home/Documents/Perception_Website_Kimi/app/node_modules/@babel/parser/lib/index.js:13316:61)
      at TypeScriptParserMixin.parseBlockBody (/Users/home/Documents/Perception_Website_Kimi/app/node_modules/@babel/parser/lib/index.js:13309:10)
      at TypeScriptParserMixin.parseBlock (/Users/home/Documents/Perception_Website_Kimi/app/node_modules/@babel/parser/lib/index.js:13297:10)
      at TypeScriptParserMixin.parseFunctionBody (/Users/home/Documents/Perception_Website_Kimi/app/node_modules/@babel/parser/lib/index.js:12100:24)
      at TypeScriptParserMixin.parseArrowExpression (/Users/home/Documents/Perception_Website_Kimi/app/node_modules/@babel/parser/lib/index.js:12075:10)
      at TypeScriptParserMixin.parseParenAndDistinguishExpression (/Users/home/Documents/Perception_Website_Kimi/app/node_modules/@babel/parser/lib/index.js:11687:12)
      at TypeScriptParserMixin.parseExprAtom (/Users/home/Documents/Perception_Website_Kimi/app/node_modules/@babel/parser/lib/index.js:11331:23)
      at TypeScriptParserMixin.parseExprAtom (/Users/home/Documents/Perception_Website_Kimi/app/node_modules/@babel/parser/lib/index.js:4764:20)
      at TypeScriptParserMixin.parseExprSubscripts (/Users/home/Documents/Perception_Website_Kimi/app/node_modules/@babel/parser/lib/index.js:11081:23)
      at TypeScriptParserMixin.parseUpdate (/Users/home/Documents/Perception_Website_Kimi/app/node_modules/@babel/parser/lib/index.js:11066:21)
      at TypeScriptParserMixin.parseMaybeUnary (/Users/home/Documents/Perception_Website_Kimi/app/node_modules/@babel/parser/lib/index.js:11046:23)
      at TypeScriptParserMixin.parseMaybeUnary (/Users/home/Documents/Perception_Website_Kimi/app/node_modules/@babel/parser/lib/index.js:9837:18)
      at TypeScriptParserMixin.parseMaybeUnaryOrPrivate (/Users/home/Documents/Perception_Website_Kimi/app/node_modules/@babel/parser/lib/index.js:10899:61)
      at TypeScriptParserMixin.parseExprOps (/Users/home/Documents/Perception_Website_Kimi/app/node_modules/@babel/parser/lib/index.js:10904:23)
      at TypeScriptParserMixin.parseMaybeConditional (/Users/home/Documents/Perception_Website_Kimi/app/node_modules/@babel/parser/lib/index.js:10881:23)
      at TypeScriptParserMixin.parseMaybeAssign (/Users/home/Documents/Perception_Website_Kimi/app/node_modules/@babel/parser/lib/index.js:10831:21)
      at TypeScriptParserMixin.parseMaybeAssign (/Users/home/Documents/Perception_Website_Kimi/app/node_modules/@babel/parser/lib/index.js:9786:20)
      at /Users/home/Documents/Perception_Website_Kimi/app/node_modules/@babel/parser/lib/index.js:10800:39
      at TypeScriptParserMixin.allowInAnd (/Users/home/Documents/Perception_Website_Kimi/app/node_modules/@babel/parser/lib/index.js:12421:16)
      at TypeScriptParserMixin.parseMaybeAssignAllowIn (/Users/home/Documents/Perception_Website_Kimi/app/node_modules/@babel/parser/lib/index.js:10800:17)
      at TypeScriptParserMixin.parseVar (/Users/home/Documents/Perception_Website_Kimi/app/node_modules/@babel/parser/lib/index.js:13384:91)
      at TypeScriptParserMixin.parseVarStatement (/Users/home/Documents/Perception_Website_Kimi/app/node_modules/@babel/parser/lib/index.js:13230:10)
      at TypeScriptParserMixin.parseVarStatement (/Users/home/Documents/Perception_Website_Kimi/app/node_modules/@babel/parser/lib/index.js:9408:31)
      at TypeScriptParserMixin.parseStatementContent (/Users/home/Documents/Perception_Website_Kimi/app/node_modules/@babel/parser/lib/index.js:12851:23)
      at TypeScriptParserMixin.parseStatementContent (/Users/home/Documents/Perception_Website_Kimi/app/node_modules/@babel/parser/lib/index.js:9508:18)
      at TypeScriptParserMixin.parseStatementLike (/Users/home/Documents/Perception_Website_Kimi/app/node_modules/@babel/parser/lib/index.js:12767:17)
      at TypeScriptParserMixin.parseModuleItem (/Users/home/Documents/Perception_Website_Kimi/app/node_modules/@babel/parser/lib/index.js:12744:17)
      at TypeScriptParserMixin.parseBlockOrModuleBlockBody (/Users/home/Documents/Perception_Website_Kimi/app/node_modules/@babel/parser/lib/index.js:13316:36)
      at TypeScriptParserMixin.parseBlockBody (/Users/home/Documents/Perception_Website_Kimi/app/node_modules/@babel/parser/lib/index.js:13309:10)
      at TypeScriptParserMixin.parseProgram (/Users/home/Documents/Perception_Website_Kimi/app/node_modules/@babel/parser/lib/index.js:12622:10)
      at TypeScriptParserMixin.parseTopLevel (/Users/home/Documents/Perception_Website_Kimi/app/node_modules/@babel/parser/lib/index.js:12612:25)
      at TypeScriptParserMixin.parse (/Users/home/Documents/Perception_Website_Kimi/app/node_modules/@babel/parser/lib/index.js:14488:25)
      at TypeScriptParserMixin.parse (/Users/home/Documents/Perception_Website_Kimi/app/node_modules/@babel/parser/lib/index.js:10126:18)
      at parse (/Users/home/Documents/Perception_Website_Kimi/app/node_modules/@babel/parser/lib/index.js:14522:38)
      at parser (/Users/home/Documents/Perception_Website_Kimi/app/node_modules/@babel/core/lib/parser/index.js:41:34)
      at parser.next (<anonymous>)
      at normalizeFile (/Users/home/Documents/Perception_Website_Kimi/app/node_modules/@babel/core/lib/transformation/normalize-file.js:64:37)
      at normalizeFile.next (<anonymous>)
      at run (/Users/home/Documents/Perception_Website_Kimi/app/node_modules/@babel/core/lib/transformation/index.js:22:50)
      at run.next (<anonymous>)
      at transform (/Users/home/Documents/Perception_Website_Kimi/app/node_modules/@babel/core/lib/transform.js:22:33)
      at transform.next (<anonymous>)
      at step (/Users/home/Documents/Perception_Website_Kimi/app/node_modules/gensync/index.js:261:32)
      at /Users/home/Documents/Perception_Website_Kimi/app/node_modules/gensync/index.js:273:13
8:01:39 PM [vite] Internal server error: /Users/home/Documents/Perception_Website_Kimi/app/src/pages/services/CoolingAirflow.tsx: 'import' and 'export' may only appear at the top level. (3734:0)

  3732 | };
  3733 |
> 3734 | export default CoolingAirflow;
       | ^
  3735 |
  Plugin: vite:react-babel
  File: /Users/home/Documents/Perception_Website_Kimi/app/src/pages/services/CoolingAirflow.tsx:3734:0
  3732 |  };
  3733 |  
  3734 |  export default CoolingAirflow;
       |  ^
  3735 |  
      at constructor (/Users/home/Documents/Perception_Website_Kimi/app/node_modules/@babel/parser/lib/index.js:365:19)
      at TypeScriptParserMixin.raise (/Users/home/Documents/Perception_Website_Kimi/app/node_modules/@babel/parser/lib/index.js:6599:19)
      at TypeScriptParserMixin.parseStatementContent (/Users/home/Documents/Perception_Website_Kimi/app/node_modules/@babel/parser/lib/index.js:12871:18)
      at TypeScriptParserMixin.parseStatementContent (/Users/home/Documents/Perception_Website_Kimi/app/node_modules/@babel/parser/lib/index.js:9508:18)
      at TypeScriptParserMixin.parseStatementLike (/Users/home/Documents/Perception_Website_Kimi/app/node_modules/@babel/parser/lib/index.js:12767:17)
      at TypeScriptParserMixin.parseStatementListItem (/Users/home/Documents/Perception_Website_Kimi/app/node_modules/@babel/parser/lib/index.js:12747:17)
      at TypeScriptParserMixin.parseBlockOrModuleBlockBody (/Users/home/Documents/Perception_Website_Kimi/app/node_modules/@babel/parser/lib/index.js:13316:61)
      at TypeScriptParserMixin.parseBlockBody (/Users/home/Documents/Perception_Website_Kimi/app/node_modules/@babel/parser/lib/index.js:13309:10)
      at TypeScriptParserMixin.parseBlock (/Users/home/Documents/Perception_Website_Kimi/app/node_modules/@babel/parser/lib/index.js:13297:10)
      at TypeScriptParserMixin.parseFunctionBody (/Users/home/Documents/Perception_Website_Kimi/app/node_modules/@babel/parser/lib/index.js:12100:24)
      at TypeScriptParserMixin.parseArrowExpression (/Users/home/Documents/Perception_Website_Kimi/app/node_modules/@babel/parser/lib/index.js:12075:10)
      at TypeScriptParserMixin.parseParenAndDistinguishExpression (/Users/home/Documents/Perception_Website_Kimi/app/node_modules/@babel/parser/lib/index.js:11687:12)
      at TypeScriptParserMixin.parseExprAtom (/Users/home/Documents/Perception_Website_Kimi/app/node_modules/@babel/parser/lib/index.js:11331:23)
      at TypeScriptParserMixin.parseExprAtom (/Users/home/Documents/Perception_Website_Kimi/app/node_modules/@babel/parser/lib/index.js:4764:20)
      at TypeScriptParserMixin.parseExprSubscripts (/Users/home/Documents/Perception_Website_Kimi/app/node_modules/@babel/parser/lib/index.js:11081:23)
      at TypeScriptParserMixin.parseUpdate (/Users/home/Documents/Perception_Website_Kimi/app/node_modules/@babel/parser/lib/index.js:11066:21)
      at TypeScriptParserMixin.parseMaybeUnary (/Users/home/Documents/Perception_Website_Kimi/app/node_modules/@babel/parser/lib/index.js:11046:23)
      at TypeScriptParserMixin.parseMaybeUnary (/Users/home/Documents/Perception_Website_Kimi/app/node_modules/@babel/parser/lib/index.js:9837:18)
      at TypeScriptParserMixin.parseMaybeUnaryOrPrivate (/Users/home/Documents/Perception_Website_Kimi/app/node_modules/@babel/parser/lib/index.js:10899:61)
      at TypeScriptParserMixin.parseExprOps (/Users/home/Documents/Perception_Website_Kimi/app/node_modules/@babel/parser/lib/index.js:10904:23)
      at TypeScriptParserMixin.parseMaybeConditional (/Users/home/Documents/Perception_Website_Kimi/app/node_modules/@babel/parser/lib/index.js:10881:23)
      at TypeScriptParserMixin.parseMaybeAssign (/Users/home/Documents/Perception_Website_Kimi/app/node_modules/@babel/parser/lib/index.js:10831:21)
      at TypeScriptParserMixin.parseMaybeAssign (/Users/home/Documents/Perception_Website_Kimi/app/node_modules/@babel/parser/lib/index.js:9786:20)
      at /Users/home/Documents/Perception_Website_Kimi/app/node_modules/@babel/parser/lib/index.js:10800:39
      at TypeScriptParserMixin.allowInAnd (/Users/home/Documents/Perception_Website_Kimi/app/node_modules/@babel/parser/lib/index.js:12421:16)
      at TypeScriptParserMixin.parseMaybeAssignAllowIn (/Users/home/Documents/Perception_Website_Kimi/app/node_modules/@babel/parser/lib/index.js:10800:17)
      at TypeScriptParserMixin.parseVar (/Users/home/Documents/Perception_Website_Kimi/app/node_modules/@babel/parser/lib/index.js:13384:91)
      at TypeScriptParserMixin.parseVarStatement (/Users/home/Documents/Perception_Website_Kimi/app/node_modules/@babel/parser/lib/index.js:13230:10)
      at TypeScriptParserMixin.parseVarStatement (/Users/home/Documents/Perception_Website_Kimi/app/node_modules/@babel/parser/lib/index.js:9408:31)
      at TypeScriptParserMixin.parseStatementContent (/Users/home/Documents/Perception_Website_Kimi/app/node_modules/@babel/parser/lib/index.js:12851:23)
      at TypeScriptParserMixin.parseStatementContent (/Users/home/Documents/Perception_Website_Kimi/app/node_modules/@babel/parser/lib/index.js:9508:18)
      at TypeScriptParserMixin.parseStatementLike (/Users/home/Documents/Perception_Website_Kimi/app/node_modules/@babel/parser/lib/index.js:12767:17)
      at TypeScriptParserMixin.parseModuleItem (/Users/home/Documents/Perception_Website_Kimi/app/node_modules/@babel/parser/lib/index.js:12744:17)
      at TypeScriptParserMixin.parseBlockOrModuleBlockBody (/Users/home/Documents/Perception_Website_Kimi/app/node_modules/@babel/parser/lib/index.js:13316:36)
      at TypeScriptParserMixin.parseBlockBody (/Users/home/Documents/Perception_Website_Kimi/app/node_modules/@babel/parser/lib/index.js:13309:10)
      at TypeScriptParserMixin.parseProgram (/Users/home/Documents/Perception_Website_Kimi/app/node_modules/@babel/parser/lib/index.js:12622:10)
      at TypeScriptParserMixin.parseTopLevel (/Users/home/Documents/Perception_Website_Kimi/app/node_modules/@babel/parser/lib/index.js:12612:25)
      at TypeScriptParserMixin.parse (/Users/home/Documents/Perception_Website_Kimi/app/node_modules/@babel/parser/lib/index.js:14488:25)
      at TypeScriptParserMixin.parse (/Users/home/Documents/Perception_Website_Kimi/app/node_modules/@babel/parser/lib/index.js:10126:18)
      at parse (/Users/home/Documents/Perception_Website_Kimi/app/node_modules/@babel/parser/lib/index.js:14522:38)
      at parser (/Users/home/Documents/Perception_Website_Kimi/app/node_modules/@babel/core/lib/parser/index.js:41:34)
      at parser.next (<anonymous>)
      at normalizeFile (/Users/home/Documents/Perception_Website_Kimi/app/node_modules/@babel/core/lib/transformation/normalize-file.js:64:37)
      at normalizeFile.next (<anonymous>)
      at run (/Users/home/Documents/Perception_Website_Kimi/app/node_modules/@babel/core/lib/transformation/index.js:22:50)
      at run.next (<anonymous>)
      at transform (/Users/home/Documents/Perception_Website_Kimi/app/node_modules/@babel/core/lib/transform.js:22:33)
      at transform.next (<anonymous>)
      at step (/Users/home/Documents/Perception_Website_Kimi/app/node_modules/gensync/index.js:261:32)
      at /Users/home/Documents/Perception_Website_Kimi/app/node_modules/gensync/index.js:273:13
8:02:40 PM [vite] Internal server error: /Users/home/Documents/Perception_Website_Kimi/app/src/pages/services/CoolingAirflow.tsx: 'import' and 'export' may only appear at the top level. (3734:0)

  3732 | };
  3733 |
> 3734 | export default CoolingAirflow;
       | ^
  3735 |
  Plugin: vite:react-babel
  File: /Users/home/Documents/Perception_Website_Kimi/app/src/pages/services/CoolingAirflow.tsx:3734:0
  3732 |  };
  3733 |  
  3734 |  export default CoolingAirflow;
       |  ^
  3735 |  
      at constructor (/Users/home/Documents/Perception_Website_Kimi/app/node_modules/@babel/parser/lib/index.js:365:19)
      at TypeScriptParserMixin.raise (/Users/home/Documents/Perception_Website_Kimi/app/node_modules/@babel/parser/lib/index.js:6599:19)
      at TypeScriptParserMixin.parseStatementContent (/Users/home/Documents/Perception_Website_Kimi/app/node_modules/@babel/parser/lib/index.js:12871:18)
      at TypeScriptParserMixin.parseStatementContent (/Users/home/Documents/Perception_Website_Kimi/app/node_modules/@babel/parser/lib/index.js:9508:18)
      at TypeScriptParserMixin.parseStatementLike (/Users/home/Documents/Perception_Website_Kimi/app/node_modules/@babel/parser/lib/index.js:12767:17)
      at TypeScriptParserMixin.parseStatementListItem (/Users/home/Documents/Perception_Website_Kimi/app/node_modules/@babel/parser/lib/index.js:12747:17)
      at TypeScriptParserMixin.parseBlockOrModuleBlockBody (/Users/home/Documents/Perception_Website_Kimi/app/node_modules/@babel/parser/lib/index.js:13316:61)
      at TypeScriptParserMixin.parseBlockBody (/Users/home/Documents/Perception_Website_Kimi/app/node_modules/@babel/parser/lib/index.js:13309:10)
      at TypeScriptParserMixin.parseBlock (/Users/home/Documents/Perception_Website_Kimi/app/node_modules/@babel/parser/lib/index.js:13297:10)
      at TypeScriptParserMixin.parseFunctionBody (/Users/home/Documents/Perception_Website_Kimi/app/node_modules/@babel/parser/lib/index.js:12100:24)
      at TypeScriptParserMixin.parseArrowExpression (/Users/home/Documents/Perception_Website_Kimi/app/node_modules/@babel/parser/lib/index.js:12075:10)
      at TypeScriptParserMixin.parseParenAndDistinguishExpression (/Users/home/Documents/Perception_Website_Kimi/app/node_modules/@babel/parser/lib/index.js:11687:12)
      at TypeScriptParserMixin.parseExprAtom (/Users/home/Documents/Perception_Website_Kimi/app/node_modules/@babel/parser/lib/index.js:11331:23)
      at TypeScriptParserMixin.parseExprAtom (/Users/home/Documents/Perception_Website_Kimi/app/node_modules/@babel/parser/lib/index.js:4764:20)
      at TypeScriptParserMixin.parseExprSubscripts (/Users/home/Documents/Perception_Website_Kimi/app/node_modules/@babel/parser/lib/index.js:11081:23)
      at TypeScriptParserMixin.parseUpdate (/Users/home/Documents/Perception_Website_Kimi/app/node_modules/@babel/parser/lib/index.js:11066:21)
      at TypeScriptParserMixin.parseMaybeUnary (/Users/home/Documents/Perception_Website_Kimi/app/node_modules/@babel/parser/lib/index.js:11046:23)
      at TypeScriptParserMixin.parseMaybeUnary (/Users/home/Documents/Perception_Website_Kimi/app/node_modules/@babel/parser/lib/index.js:9837:18)
      at TypeScriptParserMixin.parseMaybeUnaryOrPrivate (/Users/home/Documents/Perception_Website_Kimi/app/node_modules/@babel/parser/lib/index.js:10899:61)
      at TypeScriptParserMixin.parseExprOps (/Users/home/Documents/Perception_Website_Kimi/app/node_modules/@babel/parser/lib/index.js:10904:23)
      at TypeScriptParserMixin.parseMaybeConditional (/Users/home/Documents/Perception_Website_Kimi/app/node_modules/@babel/parser/lib/index.js:10881:23)
      at TypeScriptParserMixin.parseMaybeAssign (/Users/home/Documents/Perception_Website_Kimi/app/node_modules/@babel/parser/lib/index.js:10831:21)
      at TypeScriptParserMixin.parseMaybeAssign (/Users/home/Documents/Perception_Website_Kimi/app/node_modules/@babel/parser/lib/index.js:9786:20)
      at /Users/home/Documents/Perception_Website_Kimi/app/node_modules/@babel/parser/lib/index.js:10800:39
      at TypeScriptParserMixin.allowInAnd (/Users/home/Documents/Perception_Website_Kimi/app/node_modules/@babel/parser/lib/index.js:12421:16)
      at TypeScriptParserMixin.parseMaybeAssignAllowIn (/Users/home/Documents/Perception_Website_Kimi/app/node_modules/@babel/parser/lib/index.js:10800:17)
      at TypeScriptParserMixin.parseVar (/Users/home/Documents/Perception_Website_Kimi/app/node_modules/@babel/parser/lib/index.js:13384:91)
      at TypeScriptParserMixin.parseVarStatement (/Users/home/Documents/Perception_Website_Kimi/app/node_modules/@babel/parser/lib/index.js:13230:10)
      at TypeScriptParserMixin.parseVarStatement (/Users/home/Documents/Perception_Website_Kimi/app/node_modules/@babel/parser/lib/index.js:9408:31)
      at TypeScriptParserMixin.parseStatementContent (/Users/home/Documents/Perception_Website_Kimi/app/node_modules/@babel/parser/lib/index.js:12851:23)
      at TypeScriptParserMixin.parseStatementContent (/Users/home/Documents/Perception_Website_Kimi/app/node_modules/@babel/parser/lib/index.js:9508:18)
      at TypeScriptParserMixin.parseStatementLike (/Users/home/Documents/Perception_Website_Kimi/app/node_modules/@babel/parser/lib/index.js:12767:17)
      at TypeScriptParserMixin.parseModuleItem (/Users/home/Documents/Perception_Website_Kimi/app/node_modules/@babel/parser/lib/index.js:12744:17)
      at TypeScriptParserMixin.parseBlockOrModuleBlockBody (/Users/home/Documents/Perception_Website_Kimi/app/node_modules/@babel/parser/lib/index.js:13316:36)
      at TypeScriptParserMixin.parseBlockBody (/Users/home/Documents/Perception_Website_Kimi/app/node_modules/@babel/parser/lib/index.js:13309:10)
      at TypeScriptParserMixin.parseProgram (/Users/home/Documents/Perception_Website_Kimi/app/node_modules/@babel/parser/lib/index.js:12622:10)
      at TypeScriptParserMixin.parseTopLevel (/Users/home/Documents/Perception_Website_Kimi/app/node_modules/@babel/parser/lib/index.js:12612:25)
      at TypeScriptParserMixin.parse (/Users/home/Documents/Perception_Website_Kimi/app/node_modules/@babel/parser/lib/index.js:14488:25)
      at TypeScriptParserMixin.parse (/Users/home/Documents/Perception_Website_Kimi/app/node_modules/@babel/parser/lib/index.js:10126:18)
      at parse (/Users/home/Documents/Perception_Website_Kimi/app/node_modules/@babel/parser/lib/index.js:14522:38)
      at parser (/Users/home/Documents/Perception_Website_Kimi/app/node_modules/@babel/core/lib/parser/index.js:41:34)
      at parser.next (<anonymous>)
      at normalizeFile (/Users/home/Documents/Perception_Website_Kimi/app/node_modules/@babel/core/lib/transformation/normalize-file.js:64:37)
      at normalizeFile.next (<anonymous>)
      at run (/Users/home/Documents/Perception_Website_Kimi/app/node_modules/@babel/core/lib/transformation/index.js:22:50)
      at run.next (<anonymous>)
      at transform (/Users/home/Documents/Perception_Website_Kimi/app/node_modules/@babel/core/lib/transform.js:22:33)
      at transform.next (<anonymous>)
      at step (/Users/home/Documents/Perception_Website_Kimi/app/node_modules/gensync/index.js:261:32)
      at /Users/home/Documents/Perception_Website_Kimi/app/node_modules/gensync/index.js:273:13
8:02:40 PM [vite] Internal server error: /Users/home/Documents/Perception_Website_Kimi/app/src/pages/services/CoolingAirflow.tsx: 'import' and 'export' may only appear at the top level. (3734:0)

  3732 | };
  3733 |
> 3734 | export default CoolingAirflow;
       | ^
  3735 |
  Plugin: vite:react-babel
  File: /Users/home/Documents/Perception_Website_Kimi/app/src/pages/services/CoolingAirflow.tsx:3734:0
  3732 |  };
  3733 |  
  3734 |  export default CoolingAirflow;
       |  ^
  3735 |  
      at constructor (/Users/home/Documents/Perception_Website_Kimi/app/node_modules/@babel/parser/lib/index.js:365:19)
      at TypeScriptParserMixin.raise (/Users/home/Documents/Perception_Website_Kimi/app/node_modules/@babel/parser/lib/index.js:6599:19)
      at TypeScriptParserMixin.parseStatementContent (/Users/home/Documents/Perception_Website_Kimi/app/node_modules/@babel/parser/lib/index.js:12871:18)
      at TypeScriptParserMixin.parseStatementContent (/Users/home/Documents/Perception_Website_Kimi/app/node_modules/@babel/parser/lib/index.js:9508:18)
      at TypeScriptParserMixin.parseStatementLike (/Users/home/Documents/Perception_Website_Kimi/app/node_modules/@babel/parser/lib/index.js:12767:17)
      at TypeScriptParserMixin.parseStatementListItem (/Users/home/Documents/Perception_Website_Kimi/app/node_modules/@babel/parser/lib/index.js:12747:17)
      at TypeScriptParserMixin.parseBlockOrModuleBlockBody (/Users/home/Documents/Perception_Website_Kimi/app/node_modules/@babel/parser/lib/index.js:13316:61)
      at TypeScriptParserMixin.parseBlockBody (/Users/home/Documents/Perception_Website_Kimi/app/node_modules/@babel/parser/lib/index.js:13309:10)
      at TypeScriptParserMixin.parseBlock (/Users/home/Documents/Perception_Website_Kimi/app/node_modules/@babel/parser/lib/index.js:13297:10)
      at TypeScriptParserMixin.parseFunctionBody (/Users/home/Documents/Perception_Website_Kimi/app/node_modules/@babel/parser/lib/index.js:12100:24)
      at TypeScriptParserMixin.parseArrowExpression (/Users/home/Documents/Perception_Website_Kimi/app/node_modules/@babel/parser/lib/index.js:12075:10)
      at TypeScriptParserMixin.parseParenAndDistinguishExpression (/Users/home/Documents/Perception_Website_Kimi/app/node_modules/@babel/parser/lib/index.js:11687:12)
      at TypeScriptParserMixin.parseExprAtom (/Users/home/Documents/Perception_Website_Kimi/app/node_modules/@babel/parser/lib/index.js:11331:23)
      at TypeScriptParserMixin.parseExprAtom (/Users/home/Documents/Perception_Website_Kimi/app/node_modules/@babel/parser/lib/index.js:4764:20)
      at TypeScriptParserMixin.parseExprSubscripts (/Users/home/Documents/Perception_Website_Kimi/app/node_modules/@babel/parser/lib/index.js:11081:23)
      at TypeScriptParserMixin.parseUpdate (/Users/home/Documents/Perception_Website_Kimi/app/node_modules/@babel/parser/lib/index.js:11066:21)
      at TypeScriptParserMixin.parseMaybeUnary (/Users/home/Documents/Perception_Website_Kimi/app/node_modules/@babel/parser/lib/index.js:11046:23)
      at TypeScriptParserMixin.parseMaybeUnary (/Users/home/Documents/Perception_Website_Kimi/app/node_modules/@babel/parser/lib/index.js:9837:18)
      at TypeScriptParserMixin.parseMaybeUnaryOrPrivate (/Users/home/Documents/Perception_Website_Kimi/app/node_modules/@babel/parser/lib/index.js:10899:61)
      at TypeScriptParserMixin.parseExprOps (/Users/home/Documents/Perception_Website_Kimi/app/node_modules/@babel/parser/lib/index.js:10904:23)
      at TypeScriptParserMixin.parseMaybeConditional (/Users/home/Documents/Perception_Website_Kimi/app/node_modules/@babel/parser/lib/index.js:10881:23)
      at TypeScriptParserMixin.parseMaybeAssign (/Users/home/Documents/Perception_Website_Kimi/app/node_modules/@babel/parser/lib/index.js:10831:21)
      at TypeScriptParserMixin.parseMaybeAssign (/Users/home/Documents/Perception_Website_Kimi/app/node_modules/@babel/parser/lib/index.js:9786:20)
      at /Users/home/Documents/Perception_Website_Kimi/app/node_modules/@babel/parser/lib/index.js:10800:39
      at TypeScriptParserMixin.allowInAnd (/Users/home/Documents/Perception_Website_Kimi/app/node_modules/@babel/parser/lib/index.js:12421:16)
      at TypeScriptParserMixin.parseMaybeAssignAllowIn (/Users/home/Documents/Perception_Website_Kimi/app/node_modules/@babel/parser/lib/index.js:10800:17)
      at TypeScriptParserMixin.parseVar (/Users/home/Documents/Perception_Website_Kimi/app/node_modules/@babel/parser/lib/index.js:13384:91)
      at TypeScriptParserMixin.parseVarStatement (/Users/home/Documents/Perception_Website_Kimi/app/node_modules/@babel/parser/lib/index.js:13230:10)
      at TypeScriptParserMixin.parseVarStatement (/Users/home/Documents/Perception_Website_Kimi/app/node_modules/@babel/parser/lib/index.js:9408:31)
      at TypeScriptParserMixin.parseStatementContent (/Users/home/Documents/Perception_Website_Kimi/app/node_modules/@babel/parser/lib/index.js:12851:23)
      at TypeScriptParserMixin.parseStatementContent (/Users/home/Documents/Perception_Website_Kimi/app/node_modules/@babel/parser/lib/index.js:9508:18)
      at TypeScriptParserMixin.parseStatementLike (/Users/home/Documents/Perception_Website_Kimi/app/node_modules/@babel/parser/lib/index.js:12767:17)
      at TypeScriptParserMixin.parseModuleItem (/Users/home/Documents/Perception_Website_Kimi/app/node_modules/@babel/parser/lib/index.js:12744:17)
      at TypeScriptParserMixin.parseBlockOrModuleBlockBody (/Users/home/Documents/Perception_Website_Kimi/app/node_modules/@babel/parser/lib/index.js:13316:36)
      at TypeScriptParserMixin.parseBlockBody (/Users/home/Documents/Perception_Website_Kimi/app/node_modules/@babel/parser/lib/index.js:13309:10)
      at TypeScriptParserMixin.parseProgram (/Users/home/Documents/Perception_Website_Kimi/app/node_modules/@babel/parser/lib/index.js:12622:10)
      at TypeScriptParserMixin.parseTopLevel (/Users/home/Documents/Perception_Website_Kimi/app/node_modules/@babel/parser/lib/index.js:12612:25)
      at TypeScriptParserMixin.parse (/Users/home/Documents/Perception_Website_Kimi/app/node_modules/@babel/parser/lib/index.js:14488:25)
      at TypeScriptParserMixin.parse (/Users/home/Documents/Perception_Website_Kimi/app/node_modules/@babel/parser/lib/index.js:10126:18)
      at parse (/Users/home/Documents/Perception_Website_Kimi/app/node_modules/@babel/parser/lib/index.js:14522:38)
      at parser (/Users/home/Documents/Perception_Website_Kimi/app/node_modules/@babel/core/lib/parser/index.js:41:34)
      at parser.next (<anonymous>)
      at normalizeFile (/Users/home/Documents/Perception_Website_Kimi/app/node_modules/@babel/core/lib/transformation/normalize-file.js:64:37)
      at normalizeFile.next (<anonymous>)
      at run (/Users/home/Documents/Perception_Website_Kimi/app/node_modules/@babel/core/lib/transformation/index.js:22:50)
      at run.next (<anonymous>)
      at transform (/Users/home/Documents/Perception_Website_Kimi/app/node_modules/@babel/core/lib/transform.js:22:33)
      at transform.next (<anonymous>)
      at step (/Users/home/Documents/Perception_Website_Kimi/app/node_modules/gensync/index.js:261:32)
      at /Users/home/Documents/Perception_Website_Kimi/app/node_modules/gensync/index.js:273:13
8:05:13 PM [vite] (client) hmr update /src/pages/services/CoolingAirflow.tsx, /src/index.css
8:15:15 PM [vite] (client) hmr update /src/pages/services/CoolingAirflow.tsx, /src/index.css
8:16:40 PM [vite] (client) hmr update /src/pages/services/CoolingAirflow.tsx, /src/index.css
8:22:31 PM [vite] (client) hmr update /src/pages/services/CoolingAirflow.tsx, /src/index.css
9:15:57 PM [vite] (client) hmr update /src/pages/services/CoolingAirflow.tsx, /src/index.css
9:16:04 PM [vite] (client) hmr update /src/pages/services/CoolingAirflow.tsx, /src/index.css
9:23:36 PM [vite] (client) hmr update /src/pages/services/CoolingAirflow.tsx, /src/index.css
9:28:19 PM [vite] (client) hmr update /src/pages/services/CoolingAirflow.tsx, /src/index.css
9:32:53 PM [vite] (client) hmr update /src/pages/services/CoolingAirflow.tsx, /src/index.css
9:45:48 PM [vite] (client) hmr update /src/pages/services/CoolingAirflow.tsx, /src/index.css
9:47:10 PM [vite] (client) hmr update /src/pages/services/CoolingAirflow.tsx, /src/index.css
9:48:29 PM [vite] (client) hmr update /src/pages/services/CoolingAirflow.tsx, /src/index.css
9:56:20 PM [vite] (client) hmr update /src/pages/services/CoolingAirflow.tsx, /src/index.css
9:56:37 PM [vite] (client) hmr update /src/pages/services/CoolingAirflow.tsx, /src/index.css
9:56:55 PM [vite] (client) hmr update /src/pages/services/CoolingAirflow.tsx, /src/index.css
9:56:55 PM [vite] Internal server error: /Users/home/Documents/Perception_Website_Kimi/app/src/pages/services/CoolingAirflow.tsx: Expected corresponding JSX closing tag for <div>. (2073:8)

  2071 |
  2072 |             {/* Duplicate Room Cooling card */}
> 2073 |         </Column>
       |         ^
  2074 |       </Grid>
  2075 |
  2076 |       <Grid style={{ marginTop: 0 }}>
  Plugin: vite:react-babel
  File: /Users/home/Documents/Perception_Website_Kimi/app/src/pages/services/CoolingAirflow.tsx:2073:8
  2071 |  
  2072 |              {/* Duplicate Room Cooling card */}
  2073 |          </Column>
       |          ^
  2074 |        </Grid>
  2075 |  
      at constructor (/Users/home/Documents/Perception_Website_Kimi/app/node_modules/@babel/parser/lib/index.js:365:19)
      at TypeScriptParserMixin.raise (/Users/home/Documents/Perception_Website_Kimi/app/node_modules/@babel/parser/lib/index.js:6599:19)
      at TypeScriptParserMixin.jsxParseElementAt (/Users/home/Documents/Perception_Website_Kimi/app/node_modules/@babel/parser/lib/index.js:4727:16)
      at TypeScriptParserMixin.jsxParseElementAt (/Users/home/Documents/Perception_Website_Kimi/app/node_modules/@babel/parser/lib/index.js:4698:32)
      at TypeScriptParserMixin.jsxParseElementAt (/Users/home/Documents/Perception_Website_Kimi/app/node_modules/@babel/parser/lib/index.js:4698:32)
      at TypeScriptParserMixin.jsxParseElementAt (/Users/home/Documents/Perception_Website_Kimi/app/node_modules/@babel/parser/lib/index.js:4698:32)
      at TypeScriptParserMixin.jsxParseElement (/Users/home/Documents/Perception_Website_Kimi/app/node_modules/@babel/parser/lib/index.js:4749:17)
      at TypeScriptParserMixin.parseExprAtom (/Users/home/Documents/Perception_Website_Kimi/app/node_modules/@babel/parser/lib/index.js:4759:19)
      at TypeScriptParserMixin.parseExprSubscripts (/Users/home/Documents/Perception_Website_Kimi/app/node_modules/@babel/parser/lib/index.js:11081:23)
      at TypeScriptParserMixin.parseUpdate (/Users/home/Documents/Perception_Website_Kimi/app/node_modules/@babel/parser/lib/index.js:11066:21)
      at TypeScriptParserMixin.parseMaybeUnary (/Users/home/Documents/Perception_Website_Kimi/app/node_modules/@babel/parser/lib/index.js:11046:23)
      at TypeScriptParserMixin.parseMaybeUnary (/Users/home/Documents/Perception_Website_Kimi/app/node_modules/@babel/parser/lib/index.js:9837:18)
      at TypeScriptParserMixin.parseMaybeUnaryOrPrivate (/Users/home/Documents/Perception_Website_Kimi/app/node_modules/@babel/parser/lib/index.js:10899:61)
      at TypeScriptParserMixin.parseExprOps (/Users/home/Documents/Perception_Website_Kimi/app/node_modules/@babel/parser/lib/index.js:10904:23)
      at TypeScriptParserMixin.parseMaybeConditional (/Users/home/Documents/Perception_Website_Kimi/app/node_modules/@babel/parser/lib/index.js:10881:23)
      at TypeScriptParserMixin.parseMaybeAssign (/Users/home/Documents/Perception_Website_Kimi/app/node_modules/@babel/parser/lib/index.js:10831:21)
      at /Users/home/Documents/Perception_Website_Kimi/app/node_modules/@babel/parser/lib/index.js:9775:39
      at TypeScriptParserMixin.tryParse (/Users/home/Documents/Perception_Website_Kimi/app/node_modules/@babel/parser/lib/index.js:6907:20)
      at TypeScriptParserMixin.parseMaybeAssign (/Users/home/Documents/Perception_Website_Kimi/app/node_modules/@babel/parser/lib/index.js:9775:18)
      at /Users/home/Documents/Perception_Website_Kimi/app/node_modules/@babel/parser/lib/index.js:10800:39
      at TypeScriptParserMixin.allowInAnd (/Users/home/Documents/Perception_Website_Kimi/app/node_modules/@babel/parser/lib/index.js:12426:12)
      at TypeScriptParserMixin.parseMaybeAssignAllowIn (/Users/home/Documents/Perception_Website_Kimi/app/node_modules/@babel/parser/lib/index.js:10800:17)
      at TypeScriptParserMixin.parseMaybeAssignAllowInOrVoidPattern (/Users/home/Documents/Perception_Website_Kimi/app/node_modules/@babel/parser/lib/index.js:12493:17)
      at TypeScriptParserMixin.parseParenAndDistinguishExpression (/Users/home/Documents/Perception_Website_Kimi/app/node_modules/@babel/parser/lib/index.js:11675:28)
      at TypeScriptParserMixin.parseExprAtom (/Users/home/Documents/Perception_Website_Kimi/app/node_modules/@babel/parser/lib/index.js:11331:23)
      at TypeScriptParserMixin.parseExprAtom (/Users/home/Documents/Perception_Website_Kimi/app/node_modules/@babel/parser/lib/index.js:4764:20)
      at TypeScriptParserMixin.parseExprSubscripts (/Users/home/Documents/Perception_Website_Kimi/app/node_modules/@babel/parser/lib/index.js:11081:23)
      at TypeScriptParserMixin.parseUpdate (/Users/home/Documents/Perception_Website_Kimi/app/node_modules/@babel/parser/lib/index.js:11066:21)
      at TypeScriptParserMixin.parseMaybeUnary (/Users/home/Documents/Perception_Website_Kimi/app/node_modules/@babel/parser/lib/index.js:11046:23)
      at TypeScriptParserMixin.parseMaybeUnary (/Users/home/Documents/Perception_Website_Kimi/app/node_modules/@babel/parser/lib/index.js:9837:18)
      at TypeScriptParserMixin.parseMaybeUnaryOrPrivate (/Users/home/Documents/Perception_Website_Kimi/app/node_modules/@babel/parser/lib/index.js:10899:61)
      at TypeScriptParserMixin.parseExprOps (/Users/home/Documents/Perception_Website_Kimi/app/node_modules/@babel/parser/lib/index.js:10904:23)
      at TypeScriptParserMixin.parseMaybeConditional (/Users/home/Documents/Perception_Website_Kimi/app/node_modules/@babel/parser/lib/index.js:10881:23)
      at TypeScriptParserMixin.parseMaybeAssign (/Users/home/Documents/Perception_Website_Kimi/app/node_modules/@babel/parser/lib/index.js:10831:21)
      at TypeScriptParserMixin.parseMaybeAssign (/Users/home/Documents/Perception_Website_Kimi/app/node_modules/@babel/parser/lib/index.js:9786:20)
      at TypeScriptParserMixin.parseExpressionBase (/Users/home/Documents/Perception_Website_Kimi/app/node_modules/@babel/parser/lib/index.js:10784:23)
      at /Users/home/Documents/Perception_Website_Kimi/app/node_modules/@babel/parser/lib/index.js:10780:39
      at TypeScriptParserMixin.allowInAnd (/Users/home/Documents/Perception_Website_Kimi/app/node_modules/@babel/parser/lib/index.js:12421:16)
      at TypeScriptParserMixin.parseExpression (/Users/home/Documents/Perception_Website_Kimi/app/node_modules/@babel/parser/lib/index.js:10780:17)
      at TypeScriptParserMixin.parseReturnStatement (/Users/home/Documents/Perception_Website_Kimi/app/node_modules/@babel/parser/lib/index.js:13142:28)
      at TypeScriptParserMixin.parseStatementContent (/Users/home/Documents/Perception_Website_Kimi/app/node_modules/@babel/parser/lib/index.js:12798:21)
      at TypeScriptParserMixin.parseStatementContent (/Users/home/Documents/Perception_Website_Kimi/app/node_modules/@babel/parser/lib/index.js:9508:18)
      at TypeScriptParserMixin.parseStatementLike (/Users/home/Documents/Perception_Website_Kimi/app/node_modules/@babel/parser/lib/index.js:12767:17)
      at TypeScriptParserMixin.parseStatementListItem (/Users/home/Documents/Perception_Website_Kimi/app/node_modules/@babel/parser/lib/index.js:12747:17)
      at TypeScriptParserMixin.parseBlockOrModuleBlockBody (/Users/home/Documents/Perception_Website_Kimi/app/node_modules/@babel/parser/lib/index.js:13316:61)
      at TypeScriptParserMixin.parseBlockBody (/Users/home/Documents/Perception_Website_Kimi/app/node_modules/@babel/parser/lib/index.js:13309:10)
      at TypeScriptParserMixin.parseBlock (/Users/home/Documents/Perception_Website_Kimi/app/node_modules/@babel/parser/lib/index.js:13297:10)
      at TypeScriptParserMixin.parseFunctionBody (/Users/home/Documents/Perception_Website_Kimi/app/node_modules/@babel/parser/lib/index.js:12100:24)
      at TypeScriptParserMixin.parseArrowExpression (/Users/home/Documents/Perception_Website_Kimi/app/node_modules/@babel/parser/lib/index.js:12075:10)
      at TypeScriptParserMixin.parseParenAndDistinguishExpression (/Users/home/Documents/Perception_Website_Kimi/app/node_modules/@babel/parser/lib/index.js:11687:12)
9:56:55 PM [vite] Internal server error: /Users/home/Documents/Perception_Website_Kimi/app/src/pages/services/CoolingAirflow.tsx: Expected corresponding JSX closing tag for <div>. (2073:8)

  2071 |
  2072 |             {/* Duplicate Room Cooling card */}
> 2073 |         </Column>
       |         ^
  2074 |       </Grid>
  2075 |
  2076 |       <Grid style={{ marginTop: 0 }}>
  Plugin: vite:react-babel
  File: /Users/home/Documents/Perception_Website_Kimi/app/src/pages/services/CoolingAirflow.tsx:2073:8
  2071 |  
  2072 |              {/* Duplicate Room Cooling card */}
  2073 |          </Column>
       |          ^
  2074 |        </Grid>
  2075 |  
      at constructor (/Users/home/Documents/Perception_Website_Kimi/app/node_modules/@babel/parser/lib/index.js:365:19)
      at TypeScriptParserMixin.raise (/Users/home/Documents/Perception_Website_Kimi/app/node_modules/@babel/parser/lib/index.js:6599:19)
      at TypeScriptParserMixin.jsxParseElementAt (/Users/home/Documents/Perception_Website_Kimi/app/node_modules/@babel/parser/lib/index.js:4727:16)
      at TypeScriptParserMixin.jsxParseElementAt (/Users/home/Documents/Perception_Website_Kimi/app/node_modules/@babel/parser/lib/index.js:4698:32)
      at TypeScriptParserMixin.jsxParseElementAt (/Users/home/Documents/Perception_Website_Kimi/app/node_modules/@babel/parser/lib/index.js:4698:32)
      at TypeScriptParserMixin.jsxParseElementAt (/Users/home/Documents/Perception_Website_Kimi/app/node_modules/@babel/parser/lib/index.js:4698:32)
      at TypeScriptParserMixin.jsxParseElement (/Users/home/Documents/Perception_Website_Kimi/app/node_modules/@babel/parser/lib/index.js:4749:17)
      at TypeScriptParserMixin.parseExprAtom (/Users/home/Documents/Perception_Website_Kimi/app/node_modules/@babel/parser/lib/index.js:4759:19)
      at TypeScriptParserMixin.parseExprSubscripts (/Users/home/Documents/Perception_Website_Kimi/app/node_modules/@babel/parser/lib/index.js:11081:23)
      at TypeScriptParserMixin.parseUpdate (/Users/home/Documents/Perception_Website_Kimi/app/node_modules/@babel/parser/lib/index.js:11066:21)
      at TypeScriptParserMixin.parseMaybeUnary (/Users/home/Documents/Perception_Website_Kimi/app/node_modules/@babel/parser/lib/index.js:11046:23)
      at TypeScriptParserMixin.parseMaybeUnary (/Users/home/Documents/Perception_Website_Kimi/app/node_modules/@babel/parser/lib/index.js:9837:18)
      at TypeScriptParserMixin.parseMaybeUnaryOrPrivate (/Users/home/Documents/Perception_Website_Kimi/app/node_modules/@babel/parser/lib/index.js:10899:61)
      at TypeScriptParserMixin.parseExprOps (/Users/home/Documents/Perception_Website_Kimi/app/node_modules/@babel/parser/lib/index.js:10904:23)
      at TypeScriptParserMixin.parseMaybeConditional (/Users/home/Documents/Perception_Website_Kimi/app/node_modules/@babel/parser/lib/index.js:10881:23)
      at TypeScriptParserMixin.parseMaybeAssign (/Users/home/Documents/Perception_Website_Kimi/app/node_modules/@babel/parser/lib/index.js:10831:21)
      at /Users/home/Documents/Perception_Website_Kimi/app/node_modules/@babel/parser/lib/index.js:9775:39
      at TypeScriptParserMixin.tryParse (/Users/home/Documents/Perception_Website_Kimi/app/node_modules/@babel/parser/lib/index.js:6907:20)
      at TypeScriptParserMixin.parseMaybeAssign (/Users/home/Documents/Perception_Website_Kimi/app/node_modules/@babel/parser/lib/index.js:9775:18)
      at /Users/home/Documents/Perception_Website_Kimi/app/node_modules/@babel/parser/lib/index.js:10800:39
      at TypeScriptParserMixin.allowInAnd (/Users/home/Documents/Perception_Website_Kimi/app/node_modules/@babel/parser/lib/index.js:12426:12)
      at TypeScriptParserMixin.parseMaybeAssignAllowIn (/Users/home/Documents/Perception_Website_Kimi/app/node_modules/@babel/parser/lib/index.js:10800:17)
      at TypeScriptParserMixin.parseMaybeAssignAllowInOrVoidPattern (/Users/home/Documents/Perception_Website_Kimi/app/node_modules/@babel/parser/lib/index.js:12493:17)
      at TypeScriptParserMixin.parseParenAndDistinguishExpression (/Users/home/Documents/Perception_Website_Kimi/app/node_modules/@babel/parser/lib/index.js:11675:28)
      at TypeScriptParserMixin.parseExprAtom (/Users/home/Documents/Perception_Website_Kimi/app/node_modules/@babel/parser/lib/index.js:11331:23)
      at TypeScriptParserMixin.parseExprAtom (/Users/home/Documents/Perception_Website_Kimi/app/node_modules/@babel/parser/lib/index.js:4764:20)
      at TypeScriptParserMixin.parseExprSubscripts (/Users/home/Documents/Perception_Website_Kimi/app/node_modules/@babel/parser/lib/index.js:11081:23)
      at TypeScriptParserMixin.parseUpdate (/Users/home/Documents/Perception_Website_Kimi/app/node_modules/@babel/parser/lib/index.js:11066:21)
      at TypeScriptParserMixin.parseMaybeUnary (/Users/home/Documents/Perception_Website_Kimi/app/node_modules/@babel/parser/lib/index.js:11046:23)
      at TypeScriptParserMixin.parseMaybeUnary (/Users/home/Documents/Perception_Website_Kimi/app/node_modules/@babel/parser/lib/index.js:9837:18)
      at TypeScriptParserMixin.parseMaybeUnaryOrPrivate (/Users/home/Documents/Perception_Website_Kimi/app/node_modules/@babel/parser/lib/index.js:10899:61)
      at TypeScriptParserMixin.parseExprOps (/Users/home/Documents/Perception_Website_Kimi/app/node_modules/@babel/parser/lib/index.js:10904:23)
      at TypeScriptParserMixin.parseMaybeConditional (/Users/home/Documents/Perception_Website_Kimi/app/node_modules/@babel/parser/lib/index.js:10881:23)
      at TypeScriptParserMixin.parseMaybeAssign (/Users/home/Documents/Perception_Website_Kimi/app/node_modules/@babel/parser/lib/index.js:10831:21)
      at TypeScriptParserMixin.parseMaybeAssign (/Users/home/Documents/Perception_Website_Kimi/app/node_modules/@babel/parser/lib/index.js:9786:20)
      at TypeScriptParserMixin.parseExpressionBase (/Users/home/Documents/Perception_Website_Kimi/app/node_modules/@babel/parser/lib/index.js:10784:23)
      at /Users/home/Documents/Perception_Website_Kimi/app/node_modules/@babel/parser/lib/index.js:10780:39
      at TypeScriptParserMixin.allowInAnd (/Users/home/Documents/Perception_Website_Kimi/app/node_modules/@babel/parser/lib/index.js:12421:16)
      at TypeScriptParserMixin.parseExpression (/Users/home/Documents/Perception_Website_Kimi/app/node_modules/@babel/parser/lib/index.js:10780:17)
      at TypeScriptParserMixin.parseReturnStatement (/Users/home/Documents/Perception_Website_Kimi/app/node_modules/@babel/parser/lib/index.js:13142:28)
      at TypeScriptParserMixin.parseStatementContent (/Users/home/Documents/Perception_Website_Kimi/app/node_modules/@babel/parser/lib/index.js:12798:21)
      at TypeScriptParserMixin.parseStatementContent (/Users/home/Documents/Perception_Website_Kimi/app/node_modules/@babel/parser/lib/index.js:9508:18)
      at TypeScriptParserMixin.parseStatementLike (/Users/home/Documents/Perception_Website_Kimi/app/node_modules/@babel/parser/lib/index.js:12767:17)
      at TypeScriptParserMixin.parseStatementListItem (/Users/home/Documents/Perception_Website_Kimi/app/node_modules/@babel/parser/lib/index.js:12747:17)
      at TypeScriptParserMixin.parseBlockOrModuleBlockBody (/Users/home/Documents/Perception_Website_Kimi/app/node_modules/@babel/parser/lib/index.js:13316:61)
      at TypeScriptParserMixin.parseBlockBody (/Users/home/Documents/Perception_Website_Kimi/app/node_modules/@babel/parser/lib/index.js:13309:10)
      at TypeScriptParserMixin.parseBlock (/Users/home/Documents/Perception_Website_Kimi/app/node_modules/@babel/parser/lib/index.js:13297:10)
      at TypeScriptParserMixin.parseFunctionBody (/Users/home/Documents/Perception_Website_Kimi/app/node_modules/@babel/parser/lib/index.js:12100:24)
      at TypeScriptParserMixin.parseArrowExpression (/Users/home/Documents/Perception_Website_Kimi/app/node_modules/@babel/parser/lib/index.js:12075:10)
      at TypeScriptParserMixin.parseParenAndDistinguishExpression (/Users/home/Documents/Perception_Website_Kimi/app/node_modules/@babel/parser/lib/index.js:11687:12)
9:57:07 PM [vite] (client) hmr update /src/pages/services/CoolingAirflow.tsx, /src/index.css
9:57:07 PM [vite] Internal server error: /Users/home/Documents/Perception_Website_Kimi/app/src/pages/services/CoolingAirflow.tsx: Expected corresponding JSX closing tag for <div>. (2071:8)

  2069 |             </Tile>
  2070 |
> 2071 |         </Column>
       |         ^
  2072 |       </Grid>
  2073 |
  2074 |       <Grid style={{ marginTop: 0 }}>
  Plugin: vite:react-babel
  File: /Users/home/Documents/Perception_Website_Kimi/app/src/pages/services/CoolingAirflow.tsx:2071:8
  2069 |              </Tile>
  2070 |  
  2071 |          </Column>
       |          ^
  2072 |        </Grid>
  2073 |  
      at constructor (/Users/home/Documents/Perception_Website_Kimi/app/node_modules/@babel/parser/lib/index.js:365:19)
      at TypeScriptParserMixin.raise (/Users/home/Documents/Perception_Website_Kimi/app/node_modules/@babel/parser/lib/index.js:6599:19)
      at TypeScriptParserMixin.jsxParseElementAt (/Users/home/Documents/Perception_Website_Kimi/app/node_modules/@babel/parser/lib/index.js:4727:16)
      at TypeScriptParserMixin.jsxParseElementAt (/Users/home/Documents/Perception_Website_Kimi/app/node_modules/@babel/parser/lib/index.js:4698:32)
      at TypeScriptParserMixin.jsxParseElementAt (/Users/home/Documents/Perception_Website_Kimi/app/node_modules/@babel/parser/lib/index.js:4698:32)
      at TypeScriptParserMixin.jsxParseElementAt (/Users/home/Documents/Perception_Website_Kimi/app/node_modules/@babel/parser/lib/index.js:4698:32)
      at TypeScriptParserMixin.jsxParseElement (/Users/home/Documents/Perception_Website_Kimi/app/node_modules/@babel/parser/lib/index.js:4749:17)
      at TypeScriptParserMixin.parseExprAtom (/Users/home/Documents/Perception_Website_Kimi/app/node_modules/@babel/parser/lib/index.js:4759:19)
      at TypeScriptParserMixin.parseExprSubscripts (/Users/home/Documents/Perception_Website_Kimi/app/node_modules/@babel/parser/lib/index.js:11081:23)
      at TypeScriptParserMixin.parseUpdate (/Users/home/Documents/Perception_Website_Kimi/app/node_modules/@babel/parser/lib/index.js:11066:21)
      at TypeScriptParserMixin.parseMaybeUnary (/Users/home/Documents/Perception_Website_Kimi/app/node_modules/@babel/parser/lib/index.js:11046:23)
      at TypeScriptParserMixin.parseMaybeUnary (/Users/home/Documents/Perception_Website_Kimi/app/node_modules/@babel/parser/lib/index.js:9837:18)
      at TypeScriptParserMixin.parseMaybeUnaryOrPrivate (/Users/home/Documents/Perception_Website_Kimi/app/node_modules/@babel/parser/lib/index.js:10899:61)
      at TypeScriptParserMixin.parseExprOps (/Users/home/Documents/Perception_Website_Kimi/app/node_modules/@babel/parser/lib/index.js:10904:23)
      at TypeScriptParserMixin.parseMaybeConditional (/Users/home/Documents/Perception_Website_Kimi/app/node_modules/@babel/parser/lib/index.js:10881:23)
      at TypeScriptParserMixin.parseMaybeAssign (/Users/home/Documents/Perception_Website_Kimi/app/node_modules/@babel/parser/lib/index.js:10831:21)
      at /Users/home/Documents/Perception_Website_Kimi/app/node_modules/@babel/parser/lib/index.js:9775:39
      at TypeScriptParserMixin.tryParse (/Users/home/Documents/Perception_Website_Kimi/app/node_modules/@babel/parser/lib/index.js:6907:20)
      at TypeScriptParserMixin.parseMaybeAssign (/Users/home/Documents/Perception_Website_Kimi/app/node_modules/@babel/parser/lib/index.js:9775:18)
      at /Users/home/Documents/Perception_Website_Kimi/app/node_modules/@babel/parser/lib/index.js:10800:39
      at TypeScriptParserMixin.allowInAnd (/Users/home/Documents/Perception_Website_Kimi/app/node_modules/@babel/parser/lib/index.js:12426:12)
      at TypeScriptParserMixin.parseMaybeAssignAllowIn (/Users/home/Documents/Perception_Website_Kimi/app/node_modules/@babel/parser/lib/index.js:10800:17)
      at TypeScriptParserMixin.parseMaybeAssignAllowInOrVoidPattern (/Users/home/Documents/Perception_Website_Kimi/app/node_modules/@babel/parser/lib/index.js:12493:17)
      at TypeScriptParserMixin.parseParenAndDistinguishExpression (/Users/home/Documents/Perception_Website_Kimi/app/node_modules/@babel/parser/lib/index.js:11675:28)
      at TypeScriptParserMixin.parseExprAtom (/Users/home/Documents/Perception_Website_Kimi/app/node_modules/@babel/parser/lib/index.js:11331:23)
      at TypeScriptParserMixin.parseExprAtom (/Users/home/Documents/Perception_Website_Kimi/app/node_modules/@babel/parser/lib/index.js:4764:20)
      at TypeScriptParserMixin.parseExprSubscripts (/Users/home/Documents/Perception_Website_Kimi/app/node_modules/@babel/parser/lib/index.js:11081:23)
      at TypeScriptParserMixin.parseUpdate (/Users/home/Documents/Perception_Website_Kimi/app/node_modules/@babel/parser/lib/index.js:11066:21)
      at TypeScriptParserMixin.parseMaybeUnary (/Users/home/Documents/Perception_Website_Kimi/app/node_modules/@babel/parser/lib/index.js:11046:23)
      at TypeScriptParserMixin.parseMaybeUnary (/Users/home/Documents/Perception_Website_Kimi/app/node_modules/@babel/parser/lib/index.js:9837:18)
      at TypeScriptParserMixin.parseMaybeUnaryOrPrivate (/Users/home/Documents/Perception_Website_Kimi/app/node_modules/@babel/parser/lib/index.js:10899:61)
      at TypeScriptParserMixin.parseExprOps (/Users/home/Documents/Perception_Website_Kimi/app/node_modules/@babel/parser/lib/index.js:10904:23)
      at TypeScriptParserMixin.parseMaybeConditional (/Users/home/Documents/Perception_Website_Kimi/app/node_modules/@babel/parser/lib/index.js:10881:23)
      at TypeScriptParserMixin.parseMaybeAssign (/Users/home/Documents/Perception_Website_Kimi/app/node_modules/@babel/parser/lib/index.js:10831:21)
      at TypeScriptParserMixin.parseMaybeAssign (/Users/home/Documents/Perception_Website_Kimi/app/node_modules/@babel/parser/lib/index.js:9786:20)
      at TypeScriptParserMixin.parseExpressionBase (/Users/home/Documents/Perception_Website_Kimi/app/node_modules/@babel/parser/lib/index.js:10784:23)
      at /Users/home/Documents/Perception_Website_Kimi/app/node_modules/@babel/parser/lib/index.js:10780:39
      at TypeScriptParserMixin.allowInAnd (/Users/home/Documents/Perception_Website_Kimi/app/node_modules/@babel/parser/lib/index.js:12421:16)
      at TypeScriptParserMixin.parseExpression (/Users/home/Documents/Perception_Website_Kimi/app/node_modules/@babel/parser/lib/index.js:10780:17)
      at TypeScriptParserMixin.parseReturnStatement (/Users/home/Documents/Perception_Website_Kimi/app/node_modules/@babel/parser/lib/index.js:13142:28)
      at TypeScriptParserMixin.parseStatementContent (/Users/home/Documents/Perception_Website_Kimi/app/node_modules/@babel/parser/lib/index.js:12798:21)
      at TypeScriptParserMixin.parseStatementContent (/Users/home/Documents/Perception_Website_Kimi/app/node_modules/@babel/parser/lib/index.js:9508:18)
      at TypeScriptParserMixin.parseStatementLike (/Users/home/Documents/Perception_Website_Kimi/app/node_modules/@babel/parser/lib/index.js:12767:17)
      at TypeScriptParserMixin.parseStatementListItem (/Users/home/Documents/Perception_Website_Kimi/app/node_modules/@babel/parser/lib/index.js:12747:17)
      at TypeScriptParserMixin.parseBlockOrModuleBlockBody (/Users/home/Documents/Perception_Website_Kimi/app/node_modules/@babel/parser/lib/index.js:13316:61)
      at TypeScriptParserMixin.parseBlockBody (/Users/home/Documents/Perception_Website_Kimi/app/node_modules/@babel/parser/lib/index.js:13309:10)
      at TypeScriptParserMixin.parseBlock (/Users/home/Documents/Perception_Website_Kimi/app/node_modules/@babel/parser/lib/index.js:13297:10)
      at TypeScriptParserMixin.parseFunctionBody (/Users/home/Documents/Perception_Website_Kimi/app/node_modules/@babel/parser/lib/index.js:12100:24)
      at TypeScriptParserMixin.parseArrowExpression (/Users/home/Documents/Perception_Website_Kimi/app/node_modules/@babel/parser/lib/index.js:12075:10)
      at TypeScriptParserMixin.parseParenAndDistinguishExpression (/Users/home/Documents/Perception_Website_Kimi/app/node_modules/@babel/parser/lib/index.js:11687:12)
9:57:07 PM [vite] Internal server error: /Users/home/Documents/Perception_Website_Kimi/app/src/pages/services/CoolingAirflow.tsx: Expected corresponding JSX closing tag for <div>. (2071:8)

  2069 |             </Tile>
  2070 |
> 2071 |         </Column>
       |         ^
  2072 |       </Grid>
  2073 |
  2074 |       <Grid style={{ marginTop: 0 }}>
  Plugin: vite:react-babel
  File: /Users/home/Documents/Perception_Website_Kimi/app/src/pages/services/CoolingAirflow.tsx:2071:8
  2069 |              </Tile>
  2070 |  
  2071 |          </Column>
       |          ^
  2072 |        </Grid>
  2073 |  
      at constructor (/Users/home/Documents/Perception_Website_Kimi/app/node_modules/@babel/parser/lib/index.js:365:19)
      at TypeScriptParserMixin.raise (/Users/home/Documents/Perception_Website_Kimi/app/node_modules/@babel/parser/lib/index.js:6599:19)
      at TypeScriptParserMixin.jsxParseElementAt (/Users/home/Documents/Perception_Website_Kimi/app/node_modules/@babel/parser/lib/index.js:4727:16)
      at TypeScriptParserMixin.jsxParseElementAt (/Users/home/Documents/Perception_Website_Kimi/app/node_modules/@babel/parser/lib/index.js:4698:32)
      at TypeScriptParserMixin.jsxParseElementAt (/Users/home/Documents/Perception_Website_Kimi/app/node_modules/@babel/parser/lib/index.js:4698:32)
      at TypeScriptParserMixin.jsxParseElementAt (/Users/home/Documents/Perception_Website_Kimi/app/node_modules/@babel/parser/lib/index.js:4698:32)
      at TypeScriptParserMixin.jsxParseElement (/Users/home/Documents/Perception_Website_Kimi/app/node_modules/@babel/parser/lib/index.js:4749:17)
      at TypeScriptParserMixin.parseExprAtom (/Users/home/Documents/Perception_Website_Kimi/app/node_modules/@babel/parser/lib/index.js:4759:19)
      at TypeScriptParserMixin.parseExprSubscripts (/Users/home/Documents/Perception_Website_Kimi/app/node_modules/@babel/parser/lib/index.js:11081:23)
      at TypeScriptParserMixin.parseUpdate (/Users/home/Documents/Perception_Website_Kimi/app/node_modules/@babel/parser/lib/index.js:11066:21)
      at TypeScriptParserMixin.parseMaybeUnary (/Users/home/Documents/Perception_Website_Kimi/app/node_modules/@babel/parser/lib/index.js:11046:23)
      at TypeScriptParserMixin.parseMaybeUnary (/Users/home/Documents/Perception_Website_Kimi/app/node_modules/@babel/parser/lib/index.js:9837:18)
      at TypeScriptParserMixin.parseMaybeUnaryOrPrivate (/Users/home/Documents/Perception_Website_Kimi/app/node_modules/@babel/parser/lib/index.js:10899:61)
      at TypeScriptParserMixin.parseExprOps (/Users/home/Documents/Perception_Website_Kimi/app/node_modules/@babel/parser/lib/index.js:10904:23)
      at TypeScriptParserMixin.parseMaybeConditional (/Users/home/Documents/Perception_Website_Kimi/app/node_modules/@babel/parser/lib/index.js:10881:23)
      at TypeScriptParserMixin.parseMaybeAssign (/Users/home/Documents/Perception_Website_Kimi/app/node_modules/@babel/parser/lib/index.js:10831:21)
      at /Users/home/Documents/Perception_Website_Kimi/app/node_modules/@babel/parser/lib/index.js:9775:39
      at TypeScriptParserMixin.tryParse (/Users/home/Documents/Perception_Website_Kimi/app/node_modules/@babel/parser/lib/index.js:6907:20)
      at TypeScriptParserMixin.parseMaybeAssign (/Users/home/Documents/Perception_Website_Kimi/app/node_modules/@babel/parser/lib/index.js:9775:18)
      at /Users/home/Documents/Perception_Website_Kimi/app/node_modules/@babel/parser/lib/index.js:10800:39
      at TypeScriptParserMixin.allowInAnd (/Users/home/Documents/Perception_Website_Kimi/app/node_modules/@babel/parser/lib/index.js:12426:12)
      at TypeScriptParserMixin.parseMaybeAssignAllowIn (/Users/home/Documents/Perception_Website_Kimi/app/node_modules/@babel/parser/lib/index.js:10800:17)
      at TypeScriptParserMixin.parseMaybeAssignAllowInOrVoidPattern (/Users/home/Documents/Perception_Website_Kimi/app/node_modules/@babel/parser/lib/index.js:12493:17)
      at TypeScriptParserMixin.parseParenAndDistinguishExpression (/Users/home/Documents/Perception_Website_Kimi/app/node_modules/@babel/parser/lib/index.js:11675:28)
      at TypeScriptParserMixin.parseExprAtom (/Users/home/Documents/Perception_Website_Kimi/app/node_modules/@babel/parser/lib/index.js:11331:23)
      at TypeScriptParserMixin.parseExprAtom (/Users/home/Documents/Perception_Website_Kimi/app/node_modules/@babel/parser/lib/index.js:4764:20)
      at TypeScriptParserMixin.parseExprSubscripts (/Users/home/Documents/Perception_Website_Kimi/app/node_modules/@babel/parser/lib/index.js:11081:23)
      at TypeScriptParserMixin.parseUpdate (/Users/home/Documents/Perception_Website_Kimi/app/node_modules/@babel/parser/lib/index.js:11066:21)
      at TypeScriptParserMixin.parseMaybeUnary (/Users/home/Documents/Perception_Website_Kimi/app/node_modules/@babel/parser/lib/index.js:11046:23)
      at TypeScriptParserMixin.parseMaybeUnary (/Users/home/Documents/Perception_Website_Kimi/app/node_modules/@babel/parser/lib/index.js:9837:18)
      at TypeScriptParserMixin.parseMaybeUnaryOrPrivate (/Users/home/Documents/Perception_Website_Kimi/app/node_modules/@babel/parser/lib/index.js:10899:61)
      at TypeScriptParserMixin.parseExprOps (/Users/home/Documents/Perception_Website_Kimi/app/node_modules/@babel/parser/lib/index.js:10904:23)
      at TypeScriptParserMixin.parseMaybeConditional (/Users/home/Documents/Perception_Website_Kimi/app/node_modules/@babel/parser/lib/index.js:10881:23)
      at TypeScriptParserMixin.parseMaybeAssign (/Users/home/Documents/Perception_Website_Kimi/app/node_modules/@babel/parser/lib/index.js:10831:21)
      at TypeScriptParserMixin.parseMaybeAssign (/Users/home/Documents/Perception_Website_Kimi/app/node_modules/@babel/parser/lib/index.js:9786:20)
      at TypeScriptParserMixin.parseExpressionBase (/Users/home/Documents/Perception_Website_Kimi/app/node_modules/@babel/parser/lib/index.js:10784:23)
      at /Users/home/Documents/Perception_Website_Kimi/app/node_modules/@babel/parser/lib/index.js:10780:39
      at TypeScriptParserMixin.allowInAnd (/Users/home/Documents/Perception_Website_Kimi/app/node_modules/@babel/parser/lib/index.js:12421:16)
      at TypeScriptParserMixin.parseExpression (/Users/home/Documents/Perception_Website_Kimi/app/node_modules/@babel/parser/lib/index.js:10780:17)
      at TypeScriptParserMixin.parseReturnStatement (/Users/home/Documents/Perception_Website_Kimi/app/node_modules/@babel/parser/lib/index.js:13142:28)
      at TypeScriptParserMixin.parseStatementContent (/Users/home/Documents/Perception_Website_Kimi/app/node_modules/@babel/parser/lib/index.js:12798:21)
      at TypeScriptParserMixin.parseStatementContent (/Users/home/Documents/Perception_Website_Kimi/app/node_modules/@babel/parser/lib/index.js:9508:18)
      at TypeScriptParserMixin.parseStatementLike (/Users/home/Documents/Perception_Website_Kimi/app/node_modules/@babel/parser/lib/index.js:12767:17)
      at TypeScriptParserMixin.parseStatementListItem (/Users/home/Documents/Perception_Website_Kimi/app/node_modules/@babel/parser/lib/index.js:12747:17)
      at TypeScriptParserMixin.parseBlockOrModuleBlockBody (/Users/home/Documents/Perception_Website_Kimi/app/node_modules/@babel/parser/lib/index.js:13316:61)
      at TypeScriptParserMixin.parseBlockBody (/Users/home/Documents/Perception_Website_Kimi/app/node_modules/@babel/parser/lib/index.js:13309:10)
      at TypeScriptParserMixin.parseBlock (/Users/home/Documents/Perception_Website_Kimi/app/node_modules/@babel/parser/lib/index.js:13297:10)
      at TypeScriptParserMixin.parseFunctionBody (/Users/home/Documents/Perception_Website_Kimi/app/node_modules/@babel/parser/lib/index.js:12100:24)
      at TypeScriptParserMixin.parseArrowExpression (/Users/home/Documents/Perception_Website_Kimi/app/node_modules/@babel/parser/lib/index.js:12075:10)
      at TypeScriptParserMixin.parseParenAndDistinguishExpression (/Users/home/Documents/Perception_Website_Kimi/app/node_modules/@babel/parser/lib/index.js:11687:12)
9:57:46 PM [vite] (client) hmr update /src/pages/services/CoolingAirflow.tsx, /src/index.css
9:57:46 PM [vite] Internal server error: /Users/home/Documents/Perception_Website_Kimi/app/src/pages/services/CoolingAirflow.tsx: Expected corresponding JSX closing tag for <Column>. (923:10)

  921 |           <MegaLink href="/#/services/hardware-support" title="Hardware Support" desc="Save 60% vs vendor contracts" />
  922 |           <MegaLink href="/#/services/sla-support" title="24×7 SLA Support" desc="Guaranteed response times" />
> 923 |           </div>
      |           ^
  924 |         </Column>
  925 |
  926 |         <Column lg={4} md={4} sm={4} style={{ marginBottom: 'var(--cds-spacing-06)' }}>
  Plugin: vite:react-babel
  File: /Users/home/Documents/Perception_Website_Kimi/app/src/pages/services/CoolingAirflow.tsx:923:10
  921 |            <MegaLink href="/#/services/hardware-support" title="Hardware Support" desc="Save 60% vs vendor contracts" />
  922 |            <MegaLink href="/#/services/sla-support" title="24×7 SLA Support" desc="Guaranteed response times" />
  923 |            </div>
      |            ^
  924 |          </Column>
  925 |  
      at constructor (/Users/home/Documents/Perception_Website_Kimi/app/node_modules/@babel/parser/lib/index.js:365:19)
      at TypeScriptParserMixin.raise (/Users/home/Documents/Perception_Website_Kimi/app/node_modules/@babel/parser/lib/index.js:6599:19)
      at TypeScriptParserMixin.jsxParseElementAt (/Users/home/Documents/Perception_Website_Kimi/app/node_modules/@babel/parser/lib/index.js:4727:16)
      at TypeScriptParserMixin.jsxParseElementAt (/Users/home/Documents/Perception_Website_Kimi/app/node_modules/@babel/parser/lib/index.js:4698:32)
      at TypeScriptParserMixin.jsxParseElement (/Users/home/Documents/Perception_Website_Kimi/app/node_modules/@babel/parser/lib/index.js:4749:17)
      at TypeScriptParserMixin.parseExprAtom (/Users/home/Documents/Perception_Website_Kimi/app/node_modules/@babel/parser/lib/index.js:4759:19)
      at TypeScriptParserMixin.parseExprSubscripts (/Users/home/Documents/Perception_Website_Kimi/app/node_modules/@babel/parser/lib/index.js:11081:23)
      at TypeScriptParserMixin.parseUpdate (/Users/home/Documents/Perception_Website_Kimi/app/node_modules/@babel/parser/lib/index.js:11066:21)
      at TypeScriptParserMixin.parseMaybeUnary (/Users/home/Documents/Perception_Website_Kimi/app/node_modules/@babel/parser/lib/index.js:11046:23)
      at TypeScriptParserMixin.parseMaybeUnary (/Users/home/Documents/Perception_Website_Kimi/app/node_modules/@babel/parser/lib/index.js:9837:18)
      at TypeScriptParserMixin.parseMaybeUnaryOrPrivate (/Users/home/Documents/Perception_Website_Kimi/app/node_modules/@babel/parser/lib/index.js:10899:61)
      at TypeScriptParserMixin.parseExprOps (/Users/home/Documents/Perception_Website_Kimi/app/node_modules/@babel/parser/lib/index.js:10904:23)
      at TypeScriptParserMixin.parseMaybeConditional (/Users/home/Documents/Perception_Website_Kimi/app/node_modules/@babel/parser/lib/index.js:10881:23)
      at TypeScriptParserMixin.parseMaybeAssign (/Users/home/Documents/Perception_Website_Kimi/app/node_modules/@babel/parser/lib/index.js:10831:21)
      at /Users/home/Documents/Perception_Website_Kimi/app/node_modules/@babel/parser/lib/index.js:9775:39
      at TypeScriptParserMixin.tryParse (/Users/home/Documents/Perception_Website_Kimi/app/node_modules/@babel/parser/lib/index.js:6907:20)
      at TypeScriptParserMixin.parseMaybeAssign (/Users/home/Documents/Perception_Website_Kimi/app/node_modules/@babel/parser/lib/index.js:9775:18)
      at /Users/home/Documents/Perception_Website_Kimi/app/node_modules/@babel/parser/lib/index.js:10800:39
      at TypeScriptParserMixin.allowInAnd (/Users/home/Documents/Perception_Website_Kimi/app/node_modules/@babel/parser/lib/index.js:12426:12)
      at TypeScriptParserMixin.parseMaybeAssignAllowIn (/Users/home/Documents/Perception_Website_Kimi/app/node_modules/@babel/parser/lib/index.js:10800:17)
      at TypeScriptParserMixin.parseMaybeAssignAllowInOrVoidPattern (/Users/home/Documents/Perception_Website_Kimi/app/node_modules/@babel/parser/lib/index.js:12493:17)
      at TypeScriptParserMixin.parseParenAndDistinguishExpression (/Users/home/Documents/Perception_Website_Kimi/app/node_modules/@babel/parser/lib/index.js:11675:28)
      at TypeScriptParserMixin.parseExprAtom (/Users/home/Documents/Perception_Website_Kimi/app/node_modules/@babel/parser/lib/index.js:11331:23)
      at TypeScriptParserMixin.parseExprAtom (/Users/home/Documents/Perception_Website_Kimi/app/node_modules/@babel/parser/lib/index.js:4764:20)
      at TypeScriptParserMixin.parseExprSubscripts (/Users/home/Documents/Perception_Website_Kimi/app/node_modules/@babel/parser/lib/index.js:11081:23)
      at TypeScriptParserMixin.parseUpdate (/Users/home/Documents/Perception_Website_Kimi/app/node_modules/@babel/parser/lib/index.js:11066:21)
      at TypeScriptParserMixin.parseMaybeUnary (/Users/home/Documents/Perception_Website_Kimi/app/node_modules/@babel/parser/lib/index.js:11046:23)
      at TypeScriptParserMixin.parseMaybeUnary (/Users/home/Documents/Perception_Website_Kimi/app/node_modules/@babel/parser/lib/index.js:9837:18)
      at TypeScriptParserMixin.parseMaybeUnaryOrPrivate (/Users/home/Documents/Perception_Website_Kimi/app/node_modules/@babel/parser/lib/index.js:10899:61)
      at TypeScriptParserMixin.parseExprOps (/Users/home/Documents/Perception_Website_Kimi/app/node_modules/@babel/parser/lib/index.js:10904:23)
      at TypeScriptParserMixin.parseMaybeConditional (/Users/home/Documents/Perception_Website_Kimi/app/node_modules/@babel/parser/lib/index.js:10881:23)
      at TypeScriptParserMixin.parseMaybeAssign (/Users/home/Documents/Perception_Website_Kimi/app/node_modules/@babel/parser/lib/index.js:10831:21)
      at TypeScriptParserMixin.parseMaybeAssign (/Users/home/Documents/Perception_Website_Kimi/app/node_modules/@babel/parser/lib/index.js:9786:20)
      at /Users/home/Documents/Perception_Website_Kimi/app/node_modules/@babel/parser/lib/index.js:10800:39
      at TypeScriptParserMixin.allowInAnd (/Users/home/Documents/Perception_Website_Kimi/app/node_modules/@babel/parser/lib/index.js:12426:12)
      at TypeScriptParserMixin.parseMaybeAssignAllowIn (/Users/home/Documents/Perception_Website_Kimi/app/node_modules/@babel/parser/lib/index.js:10800:17)
      at TypeScriptParserMixin.parseMaybeAssignAllowInOrVoidPattern (/Users/home/Documents/Perception_Website_Kimi/app/node_modules/@babel/parser/lib/index.js:12493:17)
      at TypeScriptParserMixin.parseObjectProperty (/Users/home/Documents/Perception_Website_Kimi/app/node_modules/@babel/parser/lib/index.js:11950:83)
      at TypeScriptParserMixin.parseObjPropValue (/Users/home/Documents/Perception_Website_Kimi/app/node_modules/@babel/parser/lib/index.js:11978:100)
      at TypeScriptParserMixin.parseObjPropValue (/Users/home/Documents/Perception_Website_Kimi/app/node_modules/@babel/parser/lib/index.js:9744:18)
      at TypeScriptParserMixin.parsePropertyDefinition (/Users/home/Documents/Perception_Website_Kimi/app/node_modules/@babel/parser/lib/index.js:11915:17)
      at TypeScriptParserMixin.parseObjectLike (/Users/home/Documents/Perception_Website_Kimi/app/node_modules/@babel/parser/lib/index.js:11832:21)
      at TypeScriptParserMixin.parseExprAtom (/Users/home/Documents/Perception_Website_Kimi/app/node_modules/@babel/parser/lib/index.js:11339:23)
      at TypeScriptParserMixin.parseExprAtom (/Users/home/Documents/Perception_Website_Kimi/app/node_modules/@babel/parser/lib/index.js:4764:20)
      at TypeScriptParserMixin.parseExprSubscripts (/Users/home/Documents/Perception_Website_Kimi/app/node_modules/@babel/parser/lib/index.js:11081:23)
      at TypeScriptParserMixin.parseUpdate (/Users/home/Documents/Perception_Website_Kimi/app/node_modules/@babel/parser/lib/index.js:11066:21)
      at TypeScriptParserMixin.parseMaybeUnary (/Users/home/Documents/Perception_Website_Kimi/app/node_modules/@babel/parser/lib/index.js:11046:23)
      at TypeScriptParserMixin.parseMaybeUnary (/Users/home/Documents/Perception_Website_Kimi/app/node_modules/@babel/parser/lib/index.js:9837:18)
      at TypeScriptParserMixin.parseMaybeUnaryOrPrivate (/Users/home/Documents/Perception_Website_Kimi/app/node_modules/@babel/parser/lib/index.js:10899:61)
      at TypeScriptParserMixin.parseExprOps (/Users/home/Documents/Perception_Website_Kimi/app/node_modules/@babel/parser/lib/index.js:10904:23)
9:57:46 PM [vite] Internal server error: /Users/home/Documents/Perception_Website_Kimi/app/src/pages/services/CoolingAirflow.tsx: Expected corresponding JSX closing tag for <Column>. (923:10)

  921 |           <MegaLink href="/#/services/hardware-support" title="Hardware Support" desc="Save 60% vs vendor contracts" />
  922 |           <MegaLink href="/#/services/sla-support" title="24×7 SLA Support" desc="Guaranteed response times" />
> 923 |           </div>
      |           ^
  924 |         </Column>
  925 |
  926 |         <Column lg={4} md={4} sm={4} style={{ marginBottom: 'var(--cds-spacing-06)' }}>
  Plugin: vite:react-babel
  File: /Users/home/Documents/Perception_Website_Kimi/app/src/pages/services/CoolingAirflow.tsx:923:10
  921 |            <MegaLink href="/#/services/hardware-support" title="Hardware Support" desc="Save 60% vs vendor contracts" />
  922 |            <MegaLink href="/#/services/sla-support" title="24×7 SLA Support" desc="Guaranteed response times" />
  923 |            </div>
      |            ^
  924 |          </Column>
  925 |  
      at constructor (/Users/home/Documents/Perception_Website_Kimi/app/node_modules/@babel/parser/lib/index.js:365:19)
      at TypeScriptParserMixin.raise (/Users/home/Documents/Perception_Website_Kimi/app/node_modules/@babel/parser/lib/index.js:6599:19)
      at TypeScriptParserMixin.jsxParseElementAt (/Users/home/Documents/Perception_Website_Kimi/app/node_modules/@babel/parser/lib/index.js:4727:16)
      at TypeScriptParserMixin.jsxParseElementAt (/Users/home/Documents/Perception_Website_Kimi/app/node_modules/@babel/parser/lib/index.js:4698:32)
      at TypeScriptParserMixin.jsxParseElement (/Users/home/Documents/Perception_Website_Kimi/app/node_modules/@babel/parser/lib/index.js:4749:17)
      at TypeScriptParserMixin.parseExprAtom (/Users/home/Documents/Perception_Website_Kimi/app/node_modules/@babel/parser/lib/index.js:4759:19)
      at TypeScriptParserMixin.parseExprSubscripts (/Users/home/Documents/Perception_Website_Kimi/app/node_modules/@babel/parser/lib/index.js:11081:23)
      at TypeScriptParserMixin.parseUpdate (/Users/home/Documents/Perception_Website_Kimi/app/node_modules/@babel/parser/lib/index.js:11066:21)
      at TypeScriptParserMixin.parseMaybeUnary (/Users/home/Documents/Perception_Website_Kimi/app/node_modules/@babel/parser/lib/index.js:11046:23)
      at TypeScriptParserMixin.parseMaybeUnary (/Users/home/Documents/Perception_Website_Kimi/app/node_modules/@babel/parser/lib/index.js:9837:18)
      at TypeScriptParserMixin.parseMaybeUnaryOrPrivate (/Users/home/Documents/Perception_Website_Kimi/app/node_modules/@babel/parser/lib/index.js:10899:61)
      at TypeScriptParserMixin.parseExprOps (/Users/home/Documents/Perception_Website_Kimi/app/node_modules/@babel/parser/lib/index.js:10904:23)
      at TypeScriptParserMixin.parseMaybeConditional (/Users/home/Documents/Perception_Website_Kimi/app/node_modules/@babel/parser/lib/index.js:10881:23)
      at TypeScriptParserMixin.parseMaybeAssign (/Users/home/Documents/Perception_Website_Kimi/app/node_modules/@babel/parser/lib/index.js:10831:21)
      at /Users/home/Documents/Perception_Website_Kimi/app/node_modules/@babel/parser/lib/index.js:9775:39
      at TypeScriptParserMixin.tryParse (/Users/home/Documents/Perception_Website_Kimi/app/node_modules/@babel/parser/lib/index.js:6907:20)
      at TypeScriptParserMixin.parseMaybeAssign (/Users/home/Documents/Perception_Website_Kimi/app/node_modules/@babel/parser/lib/index.js:9775:18)
      at /Users/home/Documents/Perception_Website_Kimi/app/node_modules/@babel/parser/lib/index.js:10800:39
      at TypeScriptParserMixin.allowInAnd (/Users/home/Documents/Perception_Website_Kimi/app/node_modules/@babel/parser/lib/index.js:12426:12)
      at TypeScriptParserMixin.parseMaybeAssignAllowIn (/Users/home/Documents/Perception_Website_Kimi/app/node_modules/@babel/parser/lib/index.js:10800:17)
      at TypeScriptParserMixin.parseMaybeAssignAllowInOrVoidPattern (/Users/home/Documents/Perception_Website_Kimi/app/node_modules/@babel/parser/lib/index.js:12493:17)
      at TypeScriptParserMixin.parseParenAndDistinguishExpression (/Users/home/Documents/Perception_Website_Kimi/app/node_modules/@babel/parser/lib/index.js:11675:28)
      at TypeScriptParserMixin.parseExprAtom (/Users/home/Documents/Perception_Website_Kimi/app/node_modules/@babel/parser/lib/index.js:11331:23)
      at TypeScriptParserMixin.parseExprAtom (/Users/home/Documents/Perception_Website_Kimi/app/node_modules/@babel/parser/lib/index.js:4764:20)
      at TypeScriptParserMixin.parseExprSubscripts (/Users/home/Documents/Perception_Website_Kimi/app/node_modules/@babel/parser/lib/index.js:11081:23)
      at TypeScriptParserMixin.parseUpdate (/Users/home/Documents/Perception_Website_Kimi/app/node_modules/@babel/parser/lib/index.js:11066:21)
      at TypeScriptParserMixin.parseMaybeUnary (/Users/home/Documents/Perception_Website_Kimi/app/node_modules/@babel/parser/lib/index.js:11046:23)
      at TypeScriptParserMixin.parseMaybeUnary (/Users/home/Documents/Perception_Website_Kimi/app/node_modules/@babel/parser/lib/index.js:9837:18)
      at TypeScriptParserMixin.parseMaybeUnaryOrPrivate (/Users/home/Documents/Perception_Website_Kimi/app/node_modules/@babel/parser/lib/index.js:10899:61)
      at TypeScriptParserMixin.parseExprOps (/Users/home/Documents/Perception_Website_Kimi/app/node_modules/@babel/parser/lib/index.js:10904:23)
      at TypeScriptParserMixin.parseMaybeConditional (/Users/home/Documents/Perception_Website_Kimi/app/node_modules/@babel/parser/lib/index.js:10881:23)
      at TypeScriptParserMixin.parseMaybeAssign (/Users/home/Documents/Perception_Website_Kimi/app/node_modules/@babel/parser/lib/index.js:10831:21)
      at TypeScriptParserMixin.parseMaybeAssign (/Users/home/Documents/Perception_Website_Kimi/app/node_modules/@babel/parser/lib/index.js:9786:20)
      at /Users/home/Documents/Perception_Website_Kimi/app/node_modules/@babel/parser/lib/index.js:10800:39
      at TypeScriptParserMixin.allowInAnd (/Users/home/Documents/Perception_Website_Kimi/app/node_modules/@babel/parser/lib/index.js:12426:12)
      at TypeScriptParserMixin.parseMaybeAssignAllowIn (/Users/home/Documents/Perception_Website_Kimi/app/node_modules/@babel/parser/lib/index.js:10800:17)
      at TypeScriptParserMixin.parseMaybeAssignAllowInOrVoidPattern (/Users/home/Documents/Perception_Website_Kimi/app/node_modules/@babel/parser/lib/index.js:12493:17)
      at TypeScriptParserMixin.parseObjectProperty (/Users/home/Documents/Perception_Website_Kimi/app/node_modules/@babel/parser/lib/index.js:11950:83)
      at TypeScriptParserMixin.parseObjPropValue (/Users/home/Documents/Perception_Website_Kimi/app/node_modules/@babel/parser/lib/index.js:11978:100)
      at TypeScriptParserMixin.parseObjPropValue (/Users/home/Documents/Perception_Website_Kimi/app/node_modules/@babel/parser/lib/index.js:9744:18)
      at TypeScriptParserMixin.parsePropertyDefinition (/Users/home/Documents/Perception_Website_Kimi/app/node_modules/@babel/parser/lib/index.js:11915:17)
      at TypeScriptParserMixin.parseObjectLike (/Users/home/Documents/Perception_Website_Kimi/app/node_modules/@babel/parser/lib/index.js:11832:21)
      at TypeScriptParserMixin.parseExprAtom (/Users/home/Documents/Perception_Website_Kimi/app/node_modules/@babel/parser/lib/index.js:11339:23)
      at TypeScriptParserMixin.parseExprAtom (/Users/home/Documents/Perception_Website_Kimi/app/node_modules/@babel/parser/lib/index.js:4764:20)
      at TypeScriptParserMixin.parseExprSubscripts (/Users/home/Documents/Perception_Website_Kimi/app/node_modules/@babel/parser/lib/index.js:11081:23)
      at TypeScriptParserMixin.parseUpdate (/Users/home/Documents/Perception_Website_Kimi/app/node_modules/@babel/parser/lib/index.js:11066:21)
      at TypeScriptParserMixin.parseMaybeUnary (/Users/home/Documents/Perception_Website_Kimi/app/node_modules/@babel/parser/lib/index.js:11046:23)
      at TypeScriptParserMixin.parseMaybeUnary (/Users/home/Documents/Perception_Website_Kimi/app/node_modules/@babel/parser/lib/index.js:9837:18)
      at TypeScriptParserMixin.parseMaybeUnaryOrPrivate (/Users/home/Documents/Perception_Website_Kimi/app/node_modules/@babel/parser/lib/index.js:10899:61)
      at TypeScriptParserMixin.parseExprOps (/Users/home/Documents/Perception_Website_Kimi/app/node_modules/@babel/parser/lib/index.js:10904:23)
9:58:01 PM [vite] (client) hmr update /src/pages/services/CoolingAirflow.tsx, /src/index.css
10:07:13 PM [vite] (client) hmr update /src/pages/services/CoolingAirflow.tsx, /src/index.css
10:18:23 PM [vite] (client) hmr update /src/pages/services/CoolingAirflow.tsx, /src/index.css
10:27:15 PM [vite] (client) hmr update /src/pages/services/CoolingAirflow.tsx, /src/index.css
10:30:12 PM [vite] (client) hmr update /src/pages/services/CoolingAirflow.tsx, /src/index.css
10:30:20 PM [vite] (client) hmr update /src/pages/services/CoolingAirflow.tsx, /src/index.css
10:31:08 PM [vite] (client) hmr update /src/pages/services/CoolingAirflow.tsx, /src/index.css
10:31:08 PM [vite] Internal server error: /Users/home/Documents/Perception_Website_Kimi/app/src/pages/services/CoolingAirflow.tsx: Unexpected token (73:0)

  71 |   suffix: string;
  72 |   label: string;
> 73 | }
     | ^
  74 |
  75 | const AnimatedStat = ({ value, suffix, label }: AnimatedStatProps) => {
  76 |   const [display, setDisplay] = useState(0);
  Plugin: vite:react-babel
  File: /Users/home/Documents/Perception_Website_Kimi/app/src/pages/services/CoolingAirflow.tsx:73:0
  71 |    suffix: string;
  72 |    label: string;
  73 |  }
     |  ^
  74 |  
  75 |  const AnimatedStat = ({ value, suffix, label }: AnimatedStatProps) => {
      at constructor (/Users/home/Documents/Perception_Website_Kimi/app/node_modules/@babel/parser/lib/index.js:365:19)
      at TypeScriptParserMixin.raise (/Users/home/Documents/Perception_Website_Kimi/app/node_modules/@babel/parser/lib/index.js:6599:19)
      at TypeScriptParserMixin.unexpected (/Users/home/Documents/Perception_Website_Kimi/app/node_modules/@babel/parser/lib/index.js:6619:16)
      at TypeScriptParserMixin.parseExprAtom (/Users/home/Documents/Perception_Website_Kimi/app/node_modules/@babel/parser/lib/index.js:11442:22)
      at TypeScriptParserMixin.parseExprAtom (/Users/home/Documents/Perception_Website_Kimi/app/node_modules/@babel/parser/lib/index.js:4764:20)
      at TypeScriptParserMixin.parseExprSubscripts (/Users/home/Documents/Perception_Website_Kimi/app/node_modules/@babel/parser/lib/index.js:11081:23)
      at TypeScriptParserMixin.parseUpdate (/Users/home/Documents/Perception_Website_Kimi/app/node_modules/@babel/parser/lib/index.js:11066:21)
      at TypeScriptParserMixin.parseMaybeUnary (/Users/home/Documents/Perception_Website_Kimi/app/node_modules/@babel/parser/lib/index.js:11046:23)
      at TypeScriptParserMixin.parseMaybeUnary (/Users/home/Documents/Perception_Website_Kimi/app/node_modules/@babel/parser/lib/index.js:9837:18)
      at TypeScriptParserMixin.parseMaybeUnaryOrPrivate (/Users/home/Documents/Perception_Website_Kimi/app/node_modules/@babel/parser/lib/index.js:10899:61)
      at TypeScriptParserMixin.parseExprOps (/Users/home/Documents/Perception_Website_Kimi/app/node_modules/@babel/parser/lib/index.js:10904:23)
      at TypeScriptParserMixin.parseMaybeConditional (/Users/home/Documents/Perception_Website_Kimi/app/node_modules/@babel/parser/lib/index.js:10881:23)
      at TypeScriptParserMixin.parseMaybeAssign (/Users/home/Documents/Perception_Website_Kimi/app/node_modules/@babel/parser/lib/index.js:10831:21)
      at TypeScriptParserMixin.parseMaybeAssign (/Users/home/Documents/Perception_Website_Kimi/app/node_modules/@babel/parser/lib/index.js:9786:20)
      at TypeScriptParserMixin.parseExpressionBase (/Users/home/Documents/Perception_Website_Kimi/app/node_modules/@babel/parser/lib/index.js:10784:23)
      at /Users/home/Documents/Perception_Website_Kimi/app/node_modules/@babel/parser/lib/index.js:10780:39
      at TypeScriptParserMixin.allowInAnd (/Users/home/Documents/Perception_Website_Kimi/app/node_modules/@babel/parser/lib/index.js:12421:16)
      at TypeScriptParserMixin.parseExpression (/Users/home/Documents/Perception_Website_Kimi/app/node_modules/@babel/parser/lib/index.js:10780:17)
      at TypeScriptParserMixin.parseStatementContent (/Users/home/Documents/Perception_Website_Kimi/app/node_modules/@babel/parser/lib/index.js:12895:23)
      at TypeScriptParserMixin.parseStatementContent (/Users/home/Documents/Perception_Website_Kimi/app/node_modules/@babel/parser/lib/index.js:9508:18)
      at TypeScriptParserMixin.parseStatementLike (/Users/home/Documents/Perception_Website_Kimi/app/node_modules/@babel/parser/lib/index.js:12767:17)
      at TypeScriptParserMixin.parseModuleItem (/Users/home/Documents/Perception_Website_Kimi/app/node_modules/@babel/parser/lib/index.js:12744:17)
      at TypeScriptParserMixin.parseBlockOrModuleBlockBody (/Users/home/Documents/Perception_Website_Kimi/app/node_modules/@babel/parser/lib/index.js:13316:36)
      at TypeScriptParserMixin.parseBlockBody (/Users/home/Documents/Perception_Website_Kimi/app/node_modules/@babel/parser/lib/index.js:13309:10)
      at TypeScriptParserMixin.parseProgram (/Users/home/Documents/Perception_Website_Kimi/app/node_modules/@babel/parser/lib/index.js:12622:10)
      at TypeScriptParserMixin.parseTopLevel (/Users/home/Documents/Perception_Website_Kimi/app/node_modules/@babel/parser/lib/index.js:12612:25)
      at TypeScriptParserMixin.parse (/Users/home/Documents/Perception_Website_Kimi/app/node_modules/@babel/parser/lib/index.js:14488:25)
      at TypeScriptParserMixin.parse (/Users/home/Documents/Perception_Website_Kimi/app/node_modules/@babel/parser/lib/index.js:10126:18)
      at parse (/Users/home/Documents/Perception_Website_Kimi/app/node_modules/@babel/parser/lib/index.js:14522:38)
      at parser (/Users/home/Documents/Perception_Website_Kimi/app/node_modules/@babel/core/lib/parser/index.js:41:34)
      at parser.next (<anonymous>)
      at normalizeFile (/Users/home/Documents/Perception_Website_Kimi/app/node_modules/@babel/core/lib/transformation/normalize-file.js:64:37)
      at normalizeFile.next (<anonymous>)
      at run (/Users/home/Documents/Perception_Website_Kimi/app/node_modules/@babel/core/lib/transformation/index.js:22:50)
      at run.next (<anonymous>)
      at transform (/Users/home/Documents/Perception_Website_Kimi/app/node_modules/@babel/core/lib/transform.js:22:33)
      at transform.next (<anonymous>)
      at step (/Users/home/Documents/Perception_Website_Kimi/app/node_modules/gensync/index.js:261:32)
      at /Users/home/Documents/Perception_Website_Kimi/app/node_modules/gensync/index.js:273:13
      at async.call.result.err.err (/Users/home/Documents/Perception_Website_Kimi/app/node_modules/gensync/index.js:223:11)
      at /Users/home/Documents/Perception_Website_Kimi/app/node_modules/gensync/index.js:189:28
      at /Users/home/Documents/Perception_Website_Kimi/app/node_modules/@babel/core/lib/gensync-utils/async.js:67:7
      at /Users/home/Documents/Perception_Website_Kimi/app/node_modules/gensync/index.js:113:33
      at step (/Users/home/Documents/Perception_Website_Kimi/app/node_modules/gensync/index.js:287:14)
      at /Users/home/Documents/Perception_Website_Kimi/app/node_modules/gensync/index.js:273:13
      at async.call.result.err.err (/Users/home/Documents/Perception_Website_Kimi/app/node_modules/gensync/index.js:223:11)
10:31:08 PM [vite] Internal server error: /Users/home/Documents/Perception_Website_Kimi/app/src/pages/services/CoolingAirflow.tsx: Unexpected token (73:0)

  71 |   suffix: string;
  72 |   label: string;
> 73 | }
     | ^
  74 |
  75 | const AnimatedStat = ({ value, suffix, label }: AnimatedStatProps) => {
  76 |   const [display, setDisplay] = useState(0);
  Plugin: vite:react-babel
  File: /Users/home/Documents/Perception_Website_Kimi/app/src/pages/services/CoolingAirflow.tsx:73:0
  71 |    suffix: string;
  72 |    label: string;
  73 |  }
     |  ^
  74 |  
  75 |  const AnimatedStat = ({ value, suffix, label }: AnimatedStatProps) => {
      at constructor (/Users/home/Documents/Perception_Website_Kimi/app/node_modules/@babel/parser/lib/index.js:365:19)
      at TypeScriptParserMixin.raise (/Users/home/Documents/Perception_Website_Kimi/app/node_modules/@babel/parser/lib/index.js:6599:19)
      at TypeScriptParserMixin.unexpected (/Users/home/Documents/Perception_Website_Kimi/app/node_modules/@babel/parser/lib/index.js:6619:16)
      at TypeScriptParserMixin.parseExprAtom (/Users/home/Documents/Perception_Website_Kimi/app/node_modules/@babel/parser/lib/index.js:11442:22)
      at TypeScriptParserMixin.parseExprAtom (/Users/home/Documents/Perception_Website_Kimi/app/node_modules/@babel/parser/lib/index.js:4764:20)
      at TypeScriptParserMixin.parseExprSubscripts (/Users/home/Documents/Perception_Website_Kimi/app/node_modules/@babel/parser/lib/index.js:11081:23)
      at TypeScriptParserMixin.parseUpdate (/Users/home/Documents/Perception_Website_Kimi/app/node_modules/@babel/parser/lib/index.js:11066:21)
      at TypeScriptParserMixin.parseMaybeUnary (/Users/home/Documents/Perception_Website_Kimi/app/node_modules/@babel/parser/lib/index.js:11046:23)
      at TypeScriptParserMixin.parseMaybeUnary (/Users/home/Documents/Perception_Website_Kimi/app/node_modules/@babel/parser/lib/index.js:9837:18)
      at TypeScriptParserMixin.parseMaybeUnaryOrPrivate (/Users/home/Documents/Perception_Website_Kimi/app/node_modules/@babel/parser/lib/index.js:10899:61)
      at TypeScriptParserMixin.parseExprOps (/Users/home/Documents/Perception_Website_Kimi/app/node_modules/@babel/parser/lib/index.js:10904:23)
      at TypeScriptParserMixin.parseMaybeConditional (/Users/home/Documents/Perception_Website_Kimi/app/node_modules/@babel/parser/lib/index.js:10881:23)
      at TypeScriptParserMixin.parseMaybeAssign (/Users/home/Documents/Perception_Website_Kimi/app/node_modules/@babel/parser/lib/index.js:10831:21)
      at TypeScriptParserMixin.parseMaybeAssign (/Users/home/Documents/Perception_Website_Kimi/app/node_modules/@babel/parser/lib/index.js:9786:20)
      at TypeScriptParserMixin.parseExpressionBase (/Users/home/Documents/Perception_Website_Kimi/app/node_modules/@babel/parser/lib/index.js:10784:23)
      at /Users/home/Documents/Perception_Website_Kimi/app/node_modules/@babel/parser/lib/index.js:10780:39
      at TypeScriptParserMixin.allowInAnd (/Users/home/Documents/Perception_Website_Kimi/app/node_modules/@babel/parser/lib/index.js:12421:16)
      at TypeScriptParserMixin.parseExpression (/Users/home/Documents/Perception_Website_Kimi/app/node_modules/@babel/parser/lib/index.js:10780:17)
      at TypeScriptParserMixin.parseStatementContent (/Users/home/Documents/Perception_Website_Kimi/app/node_modules/@babel/parser/lib/index.js:12895:23)
      at TypeScriptParserMixin.parseStatementContent (/Users/home/Documents/Perception_Website_Kimi/app/node_modules/@babel/parser/lib/index.js:9508:18)
      at TypeScriptParserMixin.parseStatementLike (/Users/home/Documents/Perception_Website_Kimi/app/node_modules/@babel/parser/lib/index.js:12767:17)
      at TypeScriptParserMixin.parseModuleItem (/Users/home/Documents/Perception_Website_Kimi/app/node_modules/@babel/parser/lib/index.js:12744:17)
      at TypeScriptParserMixin.parseBlockOrModuleBlockBody (/Users/home/Documents/Perception_Website_Kimi/app/node_modules/@babel/parser/lib/index.js:13316:36)
      at TypeScriptParserMixin.parseBlockBody (/Users/home/Documents/Perception_Website_Kimi/app/node_modules/@babel/parser/lib/index.js:13309:10)
      at TypeScriptParserMixin.parseProgram (/Users/home/Documents/Perception_Website_Kimi/app/node_modules/@babel/parser/lib/index.js:12622:10)
      at TypeScriptParserMixin.parseTopLevel (/Users/home/Documents/Perception_Website_Kimi/app/node_modules/@babel/parser/lib/index.js:12612:25)
      at TypeScriptParserMixin.parse (/Users/home/Documents/Perception_Website_Kimi/app/node_modules/@babel/parser/lib/index.js:14488:25)
      at TypeScriptParserMixin.parse (/Users/home/Documents/Perception_Website_Kimi/app/node_modules/@babel/parser/lib/index.js:10126:18)
      at parse (/Users/home/Documents/Perception_Website_Kimi/app/node_modules/@babel/parser/lib/index.js:14522:38)
      at parser (/Users/home/Documents/Perception_Website_Kimi/app/node_modules/@babel/core/lib/parser/index.js:41:34)
      at parser.next (<anonymous>)
      at normalizeFile (/Users/home/Documents/Perception_Website_Kimi/app/node_modules/@babel/core/lib/transformation/normalize-file.js:64:37)
      at normalizeFile.next (<anonymous>)
      at run (/Users/home/Documents/Perception_Website_Kimi/app/node_modules/@babel/core/lib/transformation/index.js:22:50)
      at run.next (<anonymous>)
      at transform (/Users/home/Documents/Perception_Website_Kimi/app/node_modules/@babel/core/lib/transform.js:22:33)
      at transform.next (<anonymous>)
      at step (/Users/home/Documents/Perception_Website_Kimi/app/node_modules/gensync/index.js:261:32)
      at /Users/home/Documents/Perception_Website_Kimi/app/node_modules/gensync/index.js:273:13
      at async.call.result.err.err (/Users/home/Documents/Perception_Website_Kimi/app/node_modules/gensync/index.js:223:11)
      at /Users/home/Documents/Perception_Website_Kimi/app/node_modules/gensync/index.js:189:28
      at /Users/home/Documents/Perception_Website_Kimi/app/node_modules/@babel/core/lib/gensync-utils/async.js:67:7
      at /Users/home/Documents/Perception_Website_Kimi/app/node_modules/gensync/index.js:113:33
      at step (/Users/home/Documents/Perception_Website_Kimi/app/node_modules/gensync/index.js:287:14)
      at /Users/home/Documents/Perception_Website_Kimi/app/node_modules/gensync/index.js:273:13
      at async.call.result.err.err (/Users/home/Documents/Perception_Website_Kimi/app/node_modules/gensync/index.js:223:11)
10:31:27 PM [vite] (client) hmr update /src/pages/services/CoolingAirflow.tsx, /src/index.css
10:31:27 PM [vite] Internal server error: /Users/home/Documents/Perception_Website_Kimi/app/src/pages/services/CoolingAirflow.tsx: Unexpected token (79:0)

  77 |   suffix: string;
  78 |   label: string;
> 79 | }
     | ^
  80 |
  81 | const AnimatedStat = ({ value, suffix, label }: AnimatedStatProps) => {
  82 |   const [display, setDisplay] = useState(0);
  Plugin: vite:react-babel
  File: /Users/home/Documents/Perception_Website_Kimi/app/src/pages/services/CoolingAirflow.tsx:79:0
  77 |    suffix: string;
  78 |    label: string;
  79 |  }
     |  ^
  80 |  
  81 |  const AnimatedStat = ({ value, suffix, label }: AnimatedStatProps) => {
      at constructor (/Users/home/Documents/Perception_Website_Kimi/app/node_modules/@babel/parser/lib/index.js:365:19)
      at TypeScriptParserMixin.raise (/Users/home/Documents/Perception_Website_Kimi/app/node_modules/@babel/parser/lib/index.js:6599:19)
      at TypeScriptParserMixin.unexpected (/Users/home/Documents/Perception_Website_Kimi/app/node_modules/@babel/parser/lib/index.js:6619:16)
      at TypeScriptParserMixin.parseExprAtom (/Users/home/Documents/Perception_Website_Kimi/app/node_modules/@babel/parser/lib/index.js:11442:22)
      at TypeScriptParserMixin.parseExprAtom (/Users/home/Documents/Perception_Website_Kimi/app/node_modules/@babel/parser/lib/index.js:4764:20)
      at TypeScriptParserMixin.parseExprSubscripts (/Users/home/Documents/Perception_Website_Kimi/app/node_modules/@babel/parser/lib/index.js:11081:23)
      at TypeScriptParserMixin.parseUpdate (/Users/home/Documents/Perception_Website_Kimi/app/node_modules/@babel/parser/lib/index.js:11066:21)
      at TypeScriptParserMixin.parseMaybeUnary (/Users/home/Documents/Perception_Website_Kimi/app/node_modules/@babel/parser/lib/index.js:11046:23)
      at TypeScriptParserMixin.parseMaybeUnary (/Users/home/Documents/Perception_Website_Kimi/app/node_modules/@babel/parser/lib/index.js:9837:18)
      at TypeScriptParserMixin.parseMaybeUnaryOrPrivate (/Users/home/Documents/Perception_Website_Kimi/app/node_modules/@babel/parser/lib/index.js:10899:61)
      at TypeScriptParserMixin.parseExprOps (/Users/home/Documents/Perception_Website_Kimi/app/node_modules/@babel/parser/lib/index.js:10904:23)
      at TypeScriptParserMixin.parseMaybeConditional (/Users/home/Documents/Perception_Website_Kimi/app/node_modules/@babel/parser/lib/index.js:10881:23)
      at TypeScriptParserMixin.parseMaybeAssign (/Users/home/Documents/Perception_Website_Kimi/app/node_modules/@babel/parser/lib/index.js:10831:21)
      at TypeScriptParserMixin.parseMaybeAssign (/Users/home/Documents/Perception_Website_Kimi/app/node_modules/@babel/parser/lib/index.js:9786:20)
      at TypeScriptParserMixin.parseExpressionBase (/Users/home/Documents/Perception_Website_Kimi/app/node_modules/@babel/parser/lib/index.js:10784:23)
      at /Users/home/Documents/Perception_Website_Kimi/app/node_modules/@babel/parser/lib/index.js:10780:39
      at TypeScriptParserMixin.allowInAnd (/Users/home/Documents/Perception_Website_Kimi/app/node_modules/@babel/parser/lib/index.js:12421:16)
      at TypeScriptParserMixin.parseExpression (/Users/home/Documents/Perception_Website_Kimi/app/node_modules/@babel/parser/lib/index.js:10780:17)
      at TypeScriptParserMixin.parseStatementContent (/Users/home/Documents/Perception_Website_Kimi/app/node_modules/@babel/parser/lib/index.js:12895:23)
      at TypeScriptParserMixin.parseStatementContent (/Users/home/Documents/Perception_Website_Kimi/app/node_modules/@babel/parser/lib/index.js:9508:18)
      at TypeScriptParserMixin.parseStatementLike (/Users/home/Documents/Perception_Website_Kimi/app/node_modules/@babel/parser/lib/index.js:12767:17)
      at TypeScriptParserMixin.parseModuleItem (/Users/home/Documents/Perception_Website_Kimi/app/node_modules/@babel/parser/lib/index.js:12744:17)
      at TypeScriptParserMixin.parseBlockOrModuleBlockBody (/Users/home/Documents/Perception_Website_Kimi/app/node_modules/@babel/parser/lib/index.js:13316:36)
      at TypeScriptParserMixin.parseBlockBody (/Users/home/Documents/Perception_Website_Kimi/app/node_modules/@babel/parser/lib/index.js:13309:10)
      at TypeScriptParserMixin.parseProgram (/Users/home/Documents/Perception_Website_Kimi/app/node_modules/@babel/parser/lib/index.js:12622:10)
      at TypeScriptParserMixin.parseTopLevel (/Users/home/Documents/Perception_Website_Kimi/app/node_modules/@babel/parser/lib/index.js:12612:25)
      at TypeScriptParserMixin.parse (/Users/home/Documents/Perception_Website_Kimi/app/node_modules/@babel/parser/lib/index.js:14488:25)
      at TypeScriptParserMixin.parse (/Users/home/Documents/Perception_Website_Kimi/app/node_modules/@babel/parser/lib/index.js:10126:18)
      at parse (/Users/home/Documents/Perception_Website_Kimi/app/node_modules/@babel/parser/lib/index.js:14522:38)
      at parser (/Users/home/Documents/Perception_Website_Kimi/app/node_modules/@babel/core/lib/parser/index.js:41:34)
      at parser.next (<anonymous>)
      at normalizeFile (/Users/home/Documents/Perception_Website_Kimi/app/node_modules/@babel/core/lib/transformation/normalize-file.js:64:37)
      at normalizeFile.next (<anonymous>)
      at run (/Users/home/Documents/Perception_Website_Kimi/app/node_modules/@babel/core/lib/transformation/index.js:22:50)
      at run.next (<anonymous>)
      at transform (/Users/home/Documents/Perception_Website_Kimi/app/node_modules/@babel/core/lib/transform.js:22:33)
      at transform.next (<anonymous>)
      at step (/Users/home/Documents/Perception_Website_Kimi/app/node_modules/gensync/index.js:261:32)
      at /Users/home/Documents/Perception_Website_Kimi/app/node_modules/gensync/index.js:273:13
      at async.call.result.err.err (/Users/home/Documents/Perception_Website_Kimi/app/node_modules/gensync/index.js:223:11)
      at /Users/home/Documents/Perception_Website_Kimi/app/node_modules/gensync/index.js:189:28
      at /Users/home/Documents/Perception_Website_Kimi/app/node_modules/@babel/core/lib/gensync-utils/async.js:67:7
      at /Users/home/Documents/Perception_Website_Kimi/app/node_modules/gensync/index.js:113:33
      at step (/Users/home/Documents/Perception_Website_Kimi/app/node_modules/gensync/index.js:287:14)
      at /Users/home/Documents/Perception_Website_Kimi/app/node_modules/gensync/index.js:273:13
      at async.call.result.err.err (/Users/home/Documents/Perception_Website_Kimi/app/node_modules/gensync/index.js:223:11)
10:31:27 PM [vite] Internal server error: /Users/home/Documents/Perception_Website_Kimi/app/src/pages/services/CoolingAirflow.tsx: Unexpected token (79:0)

  77 |   suffix: string;
  78 |   label: string;
> 79 | }
     | ^
  80 |
  81 | const AnimatedStat = ({ value, suffix, label }: AnimatedStatProps) => {
  82 |   const [display, setDisplay] = useState(0);
  Plugin: vite:react-babel
  File: /Users/home/Documents/Perception_Website_Kimi/app/src/pages/services/CoolingAirflow.tsx:79:0
  77 |    suffix: string;
  78 |    label: string;
  79 |  }
     |  ^
  80 |  
  81 |  const AnimatedStat = ({ value, suffix, label }: AnimatedStatProps) => {
      at constructor (/Users/home/Documents/Perception_Website_Kimi/app/node_modules/@babel/parser/lib/index.js:365:19)
      at TypeScriptParserMixin.raise (/Users/home/Documents/Perception_Website_Kimi/app/node_modules/@babel/parser/lib/index.js:6599:19)
      at TypeScriptParserMixin.unexpected (/Users/home/Documents/Perception_Website_Kimi/app/node_modules/@babel/parser/lib/index.js:6619:16)
      at TypeScriptParserMixin.parseExprAtom (/Users/home/Documents/Perception_Website_Kimi/app/node_modules/@babel/parser/lib/index.js:11442:22)
      at TypeScriptParserMixin.parseExprAtom (/Users/home/Documents/Perception_Website_Kimi/app/node_modules/@babel/parser/lib/index.js:4764:20)
      at TypeScriptParserMixin.parseExprSubscripts (/Users/home/Documents/Perception_Website_Kimi/app/node_modules/@babel/parser/lib/index.js:11081:23)
      at TypeScriptParserMixin.parseUpdate (/Users/home/Documents/Perception_Website_Kimi/app/node_modules/@babel/parser/lib/index.js:11066:21)
      at TypeScriptParserMixin.parseMaybeUnary (/Users/home/Documents/Perception_Website_Kimi/app/node_modules/@babel/parser/lib/index.js:11046:23)
      at TypeScriptParserMixin.parseMaybeUnary (/Users/home/Documents/Perception_Website_Kimi/app/node_modules/@babel/parser/lib/index.js:9837:18)
      at TypeScriptParserMixin.parseMaybeUnaryOrPrivate (/Users/home/Documents/Perception_Website_Kimi/app/node_modules/@babel/parser/lib/index.js:10899:61)
      at TypeScriptParserMixin.parseExprOps (/Users/home/Documents/Perception_Website_Kimi/app/node_modules/@babel/parser/lib/index.js:10904:23)
      at TypeScriptParserMixin.parseMaybeConditional (/Users/home/Documents/Perception_Website_Kimi/app/node_modules/@babel/parser/lib/index.js:10881:23)
      at TypeScriptParserMixin.parseMaybeAssign (/Users/home/Documents/Perception_Website_Kimi/app/node_modules/@babel/parser/lib/index.js:10831:21)
      at TypeScriptParserMixin.parseMaybeAssign (/Users/home/Documents/Perception_Website_Kimi/app/node_modules/@babel/parser/lib/index.js:9786:20)
      at TypeScriptParserMixin.parseExpressionBase (/Users/home/Documents/Perception_Website_Kimi/app/node_modules/@babel/parser/lib/index.js:10784:23)
      at /Users/home/Documents/Perception_Website_Kimi/app/node_modules/@babel/parser/lib/index.js:10780:39
      at TypeScriptParserMixin.allowInAnd (/Users/home/Documents/Perception_Website_Kimi/app/node_modules/@babel/parser/lib/index.js:12421:16)
      at TypeScriptParserMixin.parseExpression (/Users/home/Documents/Perception_Website_Kimi/app/node_modules/@babel/parser/lib/index.js:10780:17)
      at TypeScriptParserMixin.parseStatementContent (/Users/home/Documents/Perception_Website_Kimi/app/node_modules/@babel/parser/lib/index.js:12895:23)
      at TypeScriptParserMixin.parseStatementContent (/Users/home/Documents/Perception_Website_Kimi/app/node_modules/@babel/parser/lib/index.js:9508:18)
      at TypeScriptParserMixin.parseStatementLike (/Users/home/Documents/Perception_Website_Kimi/app/node_modules/@babel/parser/lib/index.js:12767:17)
      at TypeScriptParserMixin.parseModuleItem (/Users/home/Documents/Perception_Website_Kimi/app/node_modules/@babel/parser/lib/index.js:12744:17)
      at TypeScriptParserMixin.parseBlockOrModuleBlockBody (/Users/home/Documents/Perception_Website_Kimi/app/node_modules/@babel/parser/lib/index.js:13316:36)
      at TypeScriptParserMixin.parseBlockBody (/Users/home/Documents/Perception_Website_Kimi/app/node_modules/@babel/parser/lib/index.js:13309:10)
      at TypeScriptParserMixin.parseProgram (/Users/home/Documents/Perception_Website_Kimi/app/node_modules/@babel/parser/lib/index.js:12622:10)
      at TypeScriptParserMixin.parseTopLevel (/Users/home/Documents/Perception_Website_Kimi/app/node_modules/@babel/parser/lib/index.js:12612:25)
      at TypeScriptParserMixin.parse (/Users/home/Documents/Perception_Website_Kimi/app/node_modules/@babel/parser/lib/index.js:14488:25)
      at TypeScriptParserMixin.parse (/Users/home/Documents/Perception_Website_Kimi/app/node_modules/@babel/parser/lib/index.js:10126:18)
      at parse (/Users/home/Documents/Perception_Website_Kimi/app/node_modules/@babel/parser/lib/index.js:14522:38)
      at parser (/Users/home/Documents/Perception_Website_Kimi/app/node_modules/@babel/core/lib/parser/index.js:41:34)
      at parser.next (<anonymous>)
      at normalizeFile (/Users/home/Documents/Perception_Website_Kimi/app/node_modules/@babel/core/lib/transformation/normalize-file.js:64:37)
      at normalizeFile.next (<anonymous>)
      at run (/Users/home/Documents/Perception_Website_Kimi/app/node_modules/@babel/core/lib/transformation/index.js:22:50)
      at run.next (<anonymous>)
      at transform (/Users/home/Documents/Perception_Website_Kimi/app/node_modules/@babel/core/lib/transform.js:22:33)
      at transform.next (<anonymous>)
      at step (/Users/home/Documents/Perception_Website_Kimi/app/node_modules/gensync/index.js:261:32)
      at /Users/home/Documents/Perception_Website_Kimi/app/node_modules/gensync/index.js:273:13
      at async.call.result.err.err (/Users/home/Documents/Perception_Website_Kimi/app/node_modules/gensync/index.js:223:11)
      at /Users/home/Documents/Perception_Website_Kimi/app/node_modules/gensync/index.js:189:28
      at /Users/home/Documents/Perception_Website_Kimi/app/node_modules/@babel/core/lib/gensync-utils/async.js:67:7
      at /Users/home/Documents/Perception_Website_Kimi/app/node_modules/gensync/index.js:113:33
      at step (/Users/home/Documents/Perception_Website_Kimi/app/node_modules/gensync/index.js:287:14)
      at /Users/home/Documents/Perception_Website_Kimi/app/node_modules/gensync/index.js:273:13
      at async.call.result.err.err (/Users/home/Documents/Perception_Website_Kimi/app/node_modules/gensync/index.js:223:11)
10:31:33 PM [vite] (client) hmr update /src/pages/services/CoolingAirflow.tsx, /src/index.css
10:31:41 PM [vite] (client) hmr update /src/pages/services/CoolingAirflow.tsx, /src/index.css
10:32:15 PM [vite] (client) hmr update /src/pages/services/CoolingAirflow.tsx, /src/index.css
10:35:29 PM [vite] (client) hmr update /src/pages/services/CoolingAirflow.tsx, /src/index.css
